id,_anchor,event_type_ar,date_context_ar,brief_summary_ar,location_historical_ar,location_current_ar,classification_ar
hist001,hist001,مذبحة,تحت الانتداب البريطاني,وقعت مجزرة دير ياسين خلال معارك ضارية حول القدس في أوائل أبريل/نيسان 1948 (في سياق عملية نحشون). كانت القرية قد أبرمت سابقًا اتفاقية عدم اعتداء محلية مع المجتمعات اليهودية المجاورة؛ ومع ذلك، شنّت منظمتا الإرجون وليحي هجومًا متعدد المحاور عند الفجر. وقدمت عناصر من الهاجاناه/بالماخ الدعم لاحقًا. ووثّق شهود عيان إسرائيليون ودوليون عمليات قتل المدنيين، بمن فيهم النساء والأطفال وكبار السن؛ وجرى استعراض الأسرى الناجين في شوارع القدس ثم أُطلق سراحهم لاحقًا. وتتباين تقديرات عدد القتلى؛ إذ تُشير معظم الأبحاث إلى حوالي 107 قتلى، بينما تُشير روايات معاصرة إلى أعداد أكبر (حوالي 200-250 قتيلًا). نزح جميع سكان القرية (حوالي 710 قتلى عام 1948)؛ وضُمّت أراضي دير ياسين لاحقًا إلى أحياء غرب القدس. لم يُحاكم أي من الجناة؛ وأصبح قائد الإرجون مناحيم بيغن رئيسًا للوزراء لاحقًا (1977-1983).,دير ياسين (داير ياسين)، القدس، فلسطين تحت الانتداب البريطاني,حي جفعات شاؤول، القدس الغربية، إسرائيل، قرية مهدمة؛ تم دمج الموقع في الأحياء الإسرائيلية,جرائم الحرب (لاهاي 1907)؛ الجرائم ضد الإنسانية (الحديثة)
hist002,hist002,مذبحة,حرب 1948 العربية الإسرائيلية، العمليات الساحلية,"في 22-23 مايو/أيار 1948، هاجمت كتيبة ألكساندروني التابعة لمنظمة الهاجاناه (التي أصبحت فيما بعد جيش الدفاع الإسرائيلي) قرية طنطورة الساحلية الفلسطينية. كان عدد سكان القرية حوالي 1500 نسمة، واشتهرت بصيد الأسماك. ورغم محاولات الاستسلام ورفع الرايات البيضاء، قامت القوات الإسرائيلية بعمليات تفتيش من منزل إلى منزل، وفصلت الرجال عن النساء والأطفال، وأعدمت رجال القرية. وتشير التقديرات إلى أن ما بين 200 و250 رجلاً فلسطينياً أُعدموا بشكل منهجي بعد استسلام القرية. ودُفنت الجثث في مقابر جماعية متعددة، من بينها مقبرة تقع تحت ما يُعرف الآن بموقف سيارات شاطئ دور. وظلت المجزرة مجهولة إلى حد كبير حتى عام 1998، عندما وثّقها طالب الدراسات العليا الإسرائيلي تيدي كاتز من خلال مقابلات مع ناجين فلسطينيين وجنود إسرائيليين شاركوا فيها. ورغم تأكيد المحاربين القدامى للأحداث في البداية، واجه كاتز دعوى تشهير، وأُجبر تحت ضغط على توقيع ""اعتذار"" (تم سحبه لاحقاً). ورفضت السلطات الإسرائيلية باستمرار التنقيب في المقابر الجماعية أو إجراء تحقيقات رسمية. ولم تتم محاكمة أي من الجناة. تم هدم القرية وبناء كيبوتس ناحشوليم على أنقاضها.",الطنطورة (الطنطورة)، الانتداب البريطاني على فلسطين، قضاء حيفا,منطقة شاطئ دور، مقاطعة حيفا، إسرائيل؛ كيبوتس نحشوليم مبني على أنقاض قرية؛ موقف سيارات شاطئ دور فوق مقبرة جماعية؛ هُدمت القرية؛ المقابر الجماعية لم تُمس,جرائم الحرب (لاهاي 1907)؛ الجرائم ضد الإنسانية (الحديثة)
hist003,hist003,مذبحة، طرد قسري، مسيرة موت,عملية داني، حرب 1948 العربية الإسرائيلية,"في الفترة من 9 إلى 13 يوليو/تموز 1948، وخلال عملية داني بقيادة يغال آلون (مع إسحاق رابين نائباً له)، استولت القوات الإسرائيلية على مدينتي اللد والرملة. في اللد، أسفرت عمليات إطلاق نار عشوائية في أنحاء المدينة عن مقتل مئات المدنيين؛ وحصدت مجزرة مسجد دهماش وحدها أرواح ما بين 70 و250 شخصاً (تختلف التقديرات). شاركت الكتيبة 89 بقيادة موشيه دايان في العمليات البرية. فور الاستيلاء على المدينتين، صدرت أوامر الطرد: أُجبر جميع سكان المدينتين الفلسطينيين - ما يقارب 50,000 إلى 70,000 نسمة، بمن فيهم اللاجئون - على السير سيراً على الأقدام نحو رام الله في حرارة يوليو/تموز الشديدة. شهدت ""مسيرة الموت"" هذه وفيات عديدة بسبب العطش والإرهاق الحراري والحرمان؛ وأفاد ناجون بوفاة رُضّع، ومضغ الناس للعشب للحصول على الماء، ومنع الجنود الوصول إلى المياه. يُقدّر إجمالي عدد القتلى بما بين 400 و1,000 (بما في ذلك عمليات القتل داخل المدينة ووفيات المسيرة). لم يُحاكم أي من الجناة. أصبح ألون نائبًا لرئيس الوزراء؛ وأصبح رابين رئيسًا للوزراء وحائزًا على جائزة نوبل للسلام (1994)؛ وأصبح دايان وزيرًا للدفاع ووزيرًا للخارجية. وقد حُذفت مقاطع من مذكرات رابين التي تصف أمر الطرد عام 1979، ثم أُعيدت لاحقًا.",اللد (اللد) والرملة (الرملة)، الانتداب البريطاني على فلسطين (تحت الاحتلال الإسرائيلي من 11 إلى 12 يوليو 1948),اللد والرملة، المنطقة الوسطى، إسرائيل؛ مدن أعيد تسميتها وإعادة توطينها؛ وتبقى أقلية فلسطينية صغيرة,جرائم الحرب؛ جرائم ضد الإنسانية؛ التطهير العرقي (النكبة)
hist004,hist004,مذبحة,الضفة الغربية الخاضعة للسيطرة الأردنية,"وقعت مجزرة قبية خلال فترة تصاعد التوترات على طول خط الهدنة بين الأردن وإسرائيل. فبعد مقتل امرأة إسرائيلية وطفليها في يهود في 12 أكتوبر/تشرين الأول 1953، شنت إسرائيل ""عملية شوشانا""، وهي هجوم انتقامي واسع النطاق على قرية قبية الأردنية. هاجمت الوحدة 101، بقيادة الرائد أرييل شارون البالغ من العمر 25 عامًا، بنحو نصف كتيبة من الجنود. وبعد قصف بقذائف الهاون، دمرت فرق الهدم المنازل بشكل منهجي بمن فيها باستخدام المتفجرات والقنابل اليدوية. وكتب شارون لاحقًا أن العملية كانت تهدف إلى أن تكون ""عبرة للجميع""، مع أوامر بـ""أقصى قدر من القتل وإلحاق أكبر قدر من الضرر بالممتلكات"". أدانت لجنة الهدنة المختلطة التابعة للأمم المتحدة الهجوم باعتباره خرقًا لاتفاقية الهدنة بين إسرائيل والأردن. وأصدر مجلس الأمن الدولي القرار 101 معربًا عن ""أشد الإدانة"". ووصفت وزارة الخارجية الأمريكية الهجوم بأنه ""صادم"" وعلقت المساعدات الاقتصادية لإسرائيل. على الرغم من الإدانة الدولية، لم تتم مقاضاة أي من الجناة.",قبيّة (قبيّة)، الضفة الغربية الأردنية,قبية، الضفة الغربية، الأراضي الفلسطينية؛ قرية أعيد بناؤها؛ تحت الاحتلال الإسرائيلي منذ عام 1967,جرائم الحرب؛ الجرائم ضد الإنسانية (قرار مجلس الأمن التابع للأمم المتحدة رقم 101)
hist005,hist005,مذبحة,خلال الاحتلال الإسرائيلي لغزة في أزمة السويس,"في أكتوبر/نوفمبر 1956، شنت إسرائيل عملية قادش بالتنسيق مع فرنسا وغزو بريطانيا لمصر خلال أزمة السويس. وسرعان ما احتلت القوات الإسرائيلية قطاع غزة وشبه جزيرة سيناء. وخلال احتلال غزة، نفذ جيش الدفاع الإسرائيلي عمليات ""تمشيط"" منهجية بذريعة تحديد الجنود المصريين والمقاتلين الفلسطينيين (الفدائيين) الذين تسللوا إلى إسرائيل. وفي 3 نوفمبر/تشرين الثاني 1956، في خان يونس ومخيم اللاجئين التابع لها، نفذت القوات الإسرائيلية حملات اعتقال جماعية بحق السكان الذكور. وخلال عمليات التمشيط وحظر التجول والاعتقالات التعسفية، أعدم أفراد جيش الدفاع الإسرائيلي المدنيين بشكل منهجي. وقد جمع مدير شؤون غزة في وكالة الأونروا قوائم مفصلة بالضحايا وأبلغ الجمعية العامة للأمم المتحدة بمقتل 275 رجلاً في خان يونس و111 في رفح المجاورة. ووثقت مصادر فلسطينية مقتل 415 شخصاً وفقدان 57 آخرين. وشملت أساليب الإعدام إطلاق النار أثناء حظر التجول، والإعدام بعد التمشيط، والقتل التعسفي. ودُفنت الجثث في مقابر جماعية، بما في ذلك في شوارع خان يونس. قدمت وكالة الأونروا أسماء وأعمار وظروف وفاة الضحايا الذين تم التحقق من هويتهم. وعلى الرغم من الوثائق الدولية وتقارير الأمم المتحدة، لم تتم محاكمة أي من أفراد القوات الإسرائيلية. انسحبت إسرائيل من غزة في مارس/آذار 1957 تحت ضغط دولي، لا سيما من الولايات المتحدة والاتحاد السوفيتي.",خان يونس (خان يونس)، قطاع غزة الخاضع للإدارة المصرية,خان يونس، قطاع غزة، فلسطين؛ مدينة رئيسية؛ تضررت بشدة في نزاع 2023-2024,جرائم الحرب؛ جرائم ضد الإنسانية (وكالة الأمم المتحدة لإغاثة وتشغيل اللاجئين الفلسطينيين/الجمعية العامة للأمم المتحدة، الوثيقة أ/3512)
hist006,hist006,إزاحة الكتلة,حرب الأيام الستة (إسرائيل ضد مصر والأردن وسوريا),"اندلعت حرب الأيام الستة في 5 يونيو/حزيران 1967 عندما شنت إسرائيل ضربات استباقية على المطارات المصرية، أعقبتها عمليات برية. وفي غضون ستة أيام، احتلت إسرائيل قطاع غزة وشبه جزيرة سيناء الخاضعين للسيطرة المصرية، والضفة الغربية والقدس الشرقية الخاضعتين للسيطرة الأردنية، وهضبة الجولان السورية. وقد غيّر هذا الانتصار الإسرائيلي السريع مسار الصراع الإسرائيلي الفلسطيني جذرياً، إذ أخضع فلسطين التاريخية بأكملها للسيطرة الإسرائيلية. وبدأ النزوح الجماعي على الفور. ومع تقدم القوات الإسرائيلية في الضفة الغربية، انتشر الذعر بين الفلسطينيين الذين استذكروا نكبة 1948. وتتراوح تقديرات عدد النازحين أو المطرودين بين 280 ألفاً (بحسب مصادر إسرائيلية) وأكثر من 400 ألف (بحسب مصادر فلسطينية ومصادر الأمم المتحدة). وكان نحو 175 ألفاً منهم لاجئين من نكبة 1948، نزحوا للمرة الثانية. ولم يكن النزوح نتيجة مباشرة للقتال فحسب، بل أصدرت السلطات الإسرائيلية أوامر عسكرية تمنع العودة، وهدمت قرى بأكملها بشكل ممنهج. دُمّرت ثلاث قرى في منطقة اللطرون (إمواس، يالو، وبيت نوبا) تدميراً كاملاً على يد القوات الإسرائيلية، وطُرد سكانها البالغ عددهم 10,000 نسمة. وفي البلدة القديمة بالقدس، جُرفت الأحياء المغربية بالجرافات بعد أيام من الاحتلال لإنشاء ساحة عند حائط البراق. ودعا قرار مجلس الأمن الدولي رقم 242 إلى ""انسحاب القوات المسلحة الإسرائيلية من الأراضي المحتلة"" و""التوصل إلى تسوية عادلة لمشكلة اللاجئين""، إلا أن إسرائيل استمرت في احتلالها لأكثر من 55 عاماً. وقد أرست عملية التهجير عام 1967 والاحتلال اللاحق الإطارَ للصراع الإسرائيلي الفلسطيني الراهن.",الضفة الغربية، قطاع غزة، مرتفعات الجولان، شبه جزيرة سيناء، الضفة الغربية الأردنية، قطاع غزة المصري، الجولان السوري، سيناء المصرية,الأراضي الفلسطينية المحتلة؛ هضبة الجولان والضفة الغربية وقطاع غزة التي ضمتها إسرائيل منذ عام 1967؛ القدس الشرقية التي ضمتها إسرائيل؛ الجولان الذي ضمته إسرائيل عام 1981؛ الاحتلال العسكري مستمر؛ الأمم المتحدة تعترف بالأراضي المحتلة.,جرائم الحرب؛ انتهاكات القانون الدولي الإنساني؛ الاحتلال غير المشروع (قرار مجلس الأمن التابع للأمم المتحدة رقم 242)
hist007,hist007,مذبحة,خلال الاحتلال الإسرائيلي لبيروت الغربية، حرب لبنان,"وقعت مجزرة صبرا وشاتيلا خلال الغزو الإسرائيلي للبنان عام 1982 (عملية سلام الجليل). فبعد اغتيال الرئيس اللبناني المنتخب بشير الجميل في 14 سبتمبر/أيلول 1982، أمر وزير الدفاع الإسرائيلي أرييل شارون قوات الجيش الإسرائيلي باحتلال بيروت الغربية، ظاهريًا للحفاظ على النظام. وفي 16 سبتمبر/أيلول، سمح شارون لميليشيات الكتائب اللبنانية بدخول مخيمي صبرا وشاتيلا للاجئين الفلسطينيين، مدعيًا أنها ستقضي على ما تبقى من مقاتلي منظمة التحرير الفلسطينية، رغم أن قوات المنظمة كانت قد أجلت السكان قبل أسابيع بموجب اتفاق دولي. وعلى مدار أربعين ساعة تقريبًا (من 16 إلى 18 سبتمبر/أيلول)، قتل مسلحو الكتائب المدنيين الفلسطينيين، بمن فيهم النساء والأطفال وكبار السن، بشكل ممنهج. وحاصرت القوات الإسرائيلية المخيمين، وسيطرت على جميع مداخلهما ومخارجهما، وقدمت الدعم اللوجستي، وأطلقت قنابل مضيئة طوال الليل، مما سمح باستمرار عمليات القتل بعد حلول الظلام. وتلقى القادة الإسرائيليون تقارير عن مجازر بحق المدنيين، لكنهم لم يتدخلوا. شملت الأساليب المستخدمة إطلاق النار والطعن وقطع الرؤوس والتشويه. أُلقيت الجثث في مقابر جماعية أو تُركت في الشوارع. ولا يزال العدد الدقيق للقتلى محل خلاف. وثّق التحقيق الرسمي اللبناني مقتل نحو 800 شخص، بينما قدّر الهلال الأحمر الفلسطيني العدد بنحو 3500، وتشير مصادر دولية مختلفة إلى أن العدد يتراوح بين 2000 و3500. حققت لجنة كاهان الإسرائيلية في الأمر وخلصت إلى أن وزير الدفاع شارون يتحمل ""مسؤولية شخصية"" عن المجزرة، وأوصت بإقالته. استقال شارون من منصبه كوزير للدفاع، لكنه بقي في الحكومة دون حقيبة وزارية، ثم شغل منصب رئيس وزراء إسرائيل (2001-2006). باءت محاولات قانونية دولية عديدة لمحاكمته بالفشل.",مخيما صبرا وشاتيلا للاجئين، بيروت، لبنان (تحت السيطرة العسكرية الإسرائيلية),صبرا وشاتيلا، بيروت، لبنان؛ لا تزال المخيمات قائمة؛ تم إنشاء مواقع تذكارية,جرائم الحرب؛ جرائم ضد الإنسانية؛ الإبادة الجماعية (قرار مجلس الأمن التابع للأمم المتحدة رقم 521؛ لجنة كاهان)
hist008,hist008,خسائر بشرية جماعية / انتفاضة,الانتفاضة الفلسطينية ضد الاحتلال الإسرائيلي الذي دام 20 عاماً,"في 8 ديسمبر/كانون الأول 1987، اصطدمت شاحنة تابعة للجيش الإسرائيلي بمركبات مدنية عند حاجز إيرز في غزة، ما أسفر عن مقتل أربعة عمال فلسطينيين من مخيم جباليا للاجئين. اعتقد الفلسطينيون أن الحادث كان انتقامًا متعمدًا لمقتل إسرائيلي طعنًا في غزة قبل يومين. وفي اليوم التالي، 9 ديسمبر/كانون الأول، اندلعت احتجاجات حاشدة في جباليا. وعندما اغتيل حاتم السيسي، البالغ من العمر 17 عامًا، برصاص جنود إسرائيليين، امتدت الانتفاضة لتشمل غزة والقدس الشرقية والضفة الغربية في غضون أيام. ما بدأ كاحتجاجات عفوية تحول إلى مقاومة مدنية منظمة ومستدامة، نسقتها لجان شعبية، ولاحقًا القيادة الوطنية الموحدة للانتفاضة. تميزت الانتفاضة بتكتيكات سلمية إلى حد كبير: إضرابات عامة، ومقاومة للضرائب، ومقاطعة المنتجات الإسرائيلية، وعصيان مدني. واجه الشباب الفلسطيني الجنود الإسرائيليين بالحجارة وزجاجات المولوتوف. وكان الرد الإسرائيلي وحشيًا. أصدر وزير الدفاع إسحاق رابين أوامر باستخدام ""القوة والعنف والضرب"" و""كسر عظام"" المتظاهرين. قام الجنود بضرب المتظاهرين بشكل ممنهج، وأطلقوا الذخيرة الحية على راشقي الحجارة، واستخدموا الغاز المسيل للدموع على نطاق واسع. في السنة الأولى وحدها، قتلت القوات الإسرائيلية ما لا يقل عن 300 فلسطيني وجرحت عشرات الآلاف. وبحلول عام 1990، تجاوز عدد القتلى 1000. خلّفت الانتفاضة خسائر فادحة: ما بين 1087 و1284 فلسطينيًا قُتلوا (بينهم ما بين 241 و332 طفلًا)، وأكثر من 120 ألف جريح، ونحو 20 ألف معتقل في السنة الأولى وحدها (مع تقديرات تصل إلى 120 ألفًا إجمالًا على مدى ست سنوات)، وهُدم 2532 منزلًا، ورُحِّل 481 فلسطينيًا. وقُتل ما بين 160 و200 إسرائيلي (جنود ومدنيون) خلال الفترة نفسها. كان الإدانة الدولية سريعة - فقد أدان مجلس الأمن التابع للأمم المتحدة رد إسرائيل، بل وانتقدت إدارة ريغان ""الإجراءات الأمنية القاسية والاستخدام المفرط للذخيرة الحية"". أجبرت الانتفاضة على الاعتراف بالتطلعات الوطنية الفلسطينية، وأدت إلى مؤتمر مدريد (1991) ومفاوضات أوسلو السرية، والتي توجت باتفاقيات أوسلو في سبتمبر 1993 التي أنشأت السلطة الفلسطينية ووعدت بإقامة دولة في المستقبل - على الرغم من أن هذه الوعود لا تزال غير محققة بعد مرور أكثر من 30 عامًا.",الضفة الغربية، قطاع غزة، القدس الشرقية، الأراضي الفلسطينية المحتلة من قبل إسرائيل منذ عام 1967,الأراضي الفلسطينية المحتلة، الضفة الغربية تحت الاحتلال العسكري الإسرائيلي؛ غزة محاصرة منذ عام 2007، واستمرار الاحتلال؛ أدت الانتفاضة الأولى إلى اتفاقيات أوسلو وإنشاء السلطة الفلسطينية,خسائر بشرية جماعية / انتفاضة
hist009,hist009,مذبحة / إطلاق نار جماعي,رمضان 1994، عقب اتفاقيات أوسلو (سبتمبر 1993),"وُلد باروخ غولدشتاين، واسمه الأصلي بنيامين كارل غولدشتاين، في بروكلين، نيويورك عام ١٩٥٦ لعائلة يهودية أرثوذكسية. في سبعينيات القرن الماضي، أصبح عضوًا مؤسسًا في رابطة الدفاع اليهودية (JDL)، وهي منظمة متشددة أسسها الحاخام مئير كاهانا. بعد تخرجه من كلية ألبرت أينشتاين للطب بجامعة يشيفا، هاجر غولدشتاين إلى إسرائيل عام ١٩٨٣. عمل طبيبًا في جيش الدفاع الإسرائيلي، واستقر لاحقًا في كريات أربع، وهي مستوطنة متطرفة مجاورة للخليل. كان غولدشتاين عضوًا نشطًا في حزب كاخ، الحزب القومي المتطرف الذي أسسه كاهانا، وحلّ ثالثًا في قائمته لانتخابات الكنيست عام ١٩٨٤. ذكرت الصحافة الإسرائيلية أن غولدشتاين رفض علاج العرب، حتى الجنود العرب الذين يخدمون في جيش الدفاع الإسرائيلي، لاعتقاده أن علاج غير اليهود يُخالف الشريعة اليهودية. شبّه الديمقراطية الإسرائيلية بالنازية، وارتدى نجمة صفراء كُتب عليها ""يهودي"" احتجاجًا على ذلك. في الأسابيع التي سبقت المجزرة، أدلى غولدشتاين بتصريحات تنذر بالخطر، وتورط في حوادث عنف في المسجد، بما في ذلك سكب حمض على السجاد. وقد راسلت السلطات الفلسطينية رئيس الوزراء رابين محذرةً من سلوك غولدشتاين الخطير، لكن لم يُتخذ أي إجراء. في صباح يوم 25 فبراير/شباط 1994، الموافق لليوم الخامس عشر من رمضان، لاحظ المصلون غيابًا غير معتاد للجنود الإسرائيليين عن مواقعهم المعتادة حول المسجد الإبراهيمي، على الرغم من التوترات التي سادت في الليلة السابقة. في حوالي الساعة 5:30 صباحًا، وبينما كان الإمام خليل محسن جباري يؤمّ المئات في صلاة الفجر، دخل غولدشتاين قاعة إسحاق - وهي قاعة الصلاة الرئيسية - مرتديًا زيّ الاحتياط الخاص به في جيش الدفاع الإسرائيلي، وحاملًا بندقية هجومية من طراز غليل ومسدسًا. تمركز خلف عمود في مؤخرة القاعة. عندما سجد المصلون، فتح غولدشتاين النار. أعاد تعبئة سلاحه عدة مرات، مطلقًا النار بشكل منهجي على المصلين الساجدين الذين كانوا محاصرين وعُزّل. أفاد الناجون أن إطلاق النار استمر لمدة عشر دقائق. يزعم بعض شهود العيان أنهم رأوا مسلحين إضافيين، رغم نفي التحقيقات الإسرائيلية لذلك. وعندما تمكن المصلون أخيرًا من السيطرة على غولدشتاين، انهالوا عليه ضربًا حتى الموت. وبحلول ذلك الوقت، كان 29 فلسطينيًا قد لقوا حتفهم، بينهم أطفال لا تتجاوز أعمارهم 11 عامًا، وأصيب 125 آخرون. لم تنتهِ المأساة بإطلاق النار. فقد أغلق الجنود الإسرائيليون المتواجدون في المسجد أبوابه، وحاصروا الناجين بالداخل مع القتلى والجرحى، ومنعوا وصول المساعدات الطبية. وعندما فُتحت الأبواب أخيرًا، أطلقت القوات الإسرائيلية النار على المتظاهرين في الخارج، ما أسفر عن مقتل المزيد من الفلسطينيين. وعلى مدى الأسابيع الثلاثة التالية، ومع انتشار أنباء المجزرة، اندلعت أعمال شغب فلسطينية في جميع أنحاء الخليل والضفة الغربية. وقتلت القوات الإسرائيلية ما لا يقل عن 25 فلسطينيًا آخر خلال هذه الاحتجاجات، بما في ذلك في جنازات الضحايا. وبلغ إجمالي عدد القتلى ما بين 50 و60 قتيلًا. وكان رد إسرائيل هو معاقبة الضحايا: إغلاق الخليل لمدة ستة أشهر؛ وتشكيل لجنة شمغار أحادية الجانب التي فضّلت جميع توصياتها المستوطنين؛ وتقسيم المسجد الإبراهيمي ومنح 60% منه لليهود (الذين كانوا يشكلون 0.003% من سكان الخليل). إغلاق 520 شركة و1800 متجر في البلدة القديمة؛ وإغلاق شارع الشهداء (الشريان التجاري الرئيسي)؛ وشبكة من نقاط التفتيش العسكرية التي تخنق الحياة الفلسطينية. حققت المجزرة هدف غولدشتاين: لم توقف أوسلو، لكنها حوّلت الخليل إلى مدينة مخنوقة، وبلدتها القديمة إلى مدينة أشباح، وسكانها الفلسطينيين يتعرضون للإذلال اليومي بينما يعيش بضع مئات من المستوطنين المتطرفين تحت حماية عسكرية مشددة.",المسجد الإبراهيمي (مغارة البطاركة)، الخليل، الضفة الغربية، الضفة الغربية المحتلة؛ الخليل تحت السيطرة العسكرية الإسرائيلية (منطقة H2),البلدة القديمة في الخليل، الضفة الغربية، منطقة H2 تحت سيطرة عسكرية إسرائيلية كاملة منذ بروتوكول الخليل لعام 1997؛ المسجد الإبراهيمي مقسم بنسبة 60% لليهود و40% للمسلمين منذ المجزرة؛ البلدة القديمة محاصرة بنقاط التفتيش والإغلاقات وعنف المستوطنين,جرائم الحرب؛ الجرائم ضد الإنسانية؛ مسؤولية الدولة (قرار مجلس الأمن التابع للأمم المتحدة رقم 904)
hist010,hist010,انتفاضة مسلحة / خسائر بشرية فادحة,انهيار محادثات السلام في كامب ديفيد؛ زيارة أرييل شارون الاستفزازية إلى جبل الهيكل,كانت زيارة أرييل شارون إلى الحرم القدسي الشريف في 28 سبتمبر/أيلول 2000، برفقة ألف شرطي إسرائيلي، الشرارة المباشرة للانتفاضة الثانية. اعتبر الفلسطينيون هذه الزيارة استفزازًا متعمدًا في أحد أقدس المواقع الإسلامية من قِبَل شخصية ربطوها بمجازر سابقة (صبرا وشاتيلا 1982، قبية 1953). اندلعت الاحتجاجات على الفور. وفي اليوم التالي، 29 سبتمبر/أيلول (يوم جمعة)، وبعد صلاة الجمعة في المسجد الأقصى، أطلقت الشرطة الإسرائيلية النار على المتظاهرين الفلسطينيين، ما أسفر عن مقتل سبعة أشخاص وإصابة أكثر من 300. وبحلول الأول من أكتوبر/تشرين الأول، امتد العنف في جميع أنحاء الأراضي المحتلة ودخل إسرائيل. وقُتل 13 مواطنًا فلسطينيًا إسرائيليًا برصاص الشرطة الإسرائيلية خلال احتجاجات داخل إسرائيل. وفي غضون أسبوعين، قُتل 100 فلسطيني و10 إسرائيليين. تكمن الأسباب الجذرية للانتفاضة في فشل عملية أوسلو للسلام: فبعد سبع سنوات من أوسلو، ظل الفلسطينيون تحت الاحتلال، وتضاعفت المستوطنات، وازدادت القيود على الحركة، وبدا قيام الدولة أبعد من أي وقت مضى. وعلى عكس الانتفاضة الأولى التي شهدت رشق الحجارة والعصيان المدني، سرعان ما تحولت الانتفاضة الثانية إلى صراع مسلح. شنت الجماعات الفلسطينية المسلحة - حماس، والجهاد الإسلامي، وكتائب شهداء الأقصى (التابعة لحركة فتح)، والجبهة الشعبية لتحرير فلسطين - حملات تفجير انتحارية مدمرة استهدفت المدنيين الإسرائيليين في الحافلات والمطاعم والأسواق والنوادي الليلية. وبلغت ذروتها في مارس/آذار 2002 مع مجزرة عيد الفصح في فندق بارك في نتانيا (30 قتيلاً)، مما أدى إلى إطلاق عملية الدرع الواقي الإسرائيلية الضخمة. وردت إسرائيل بقوة عسكرية ساحقة: طائرات هليكوبتر حربية، وطائرات مقاتلة من طراز إف-16، ودبابات، وجرافات انتشرت في المناطق الفلسطينية المكتظة بالسكان. وغالباً ما أسفرت عمليات الاغتيال المستهدفة بضربات صاروخية من طائرات الهليكوبتر عن مقتل مدنيين أبرياء. وفُرض حظر تجول على مدن بأكملها لعدة أشهر. أصبح حصار مخيم جنين للاجئين عام 2002 رمزاً للمأساة: فقد هدمت القوات الإسرائيلية أكثر من 140 مبنى، وقتلت 52 فلسطينياً (23 منهم مدنيون)، وواجهت اتهامات دولية بارتكاب جرائم حرب. وبحلول نهاية الانتفاضة الثانية في أواخر عام 2005، كانت الخسائر كارثية: ما بين 3223 و4789 فلسطينياً قُتلوا (بينهم أكثر من 700 طفل، 47% منهم مدنيون)؛ وما بين 1024 و1100 إسرائيلي قُتلوا (بينهم أكثر من 300 طفل، 64% منهم مدنيون)؛ وأكثر من 45000 فلسطيني جُرحوا؛ وأكثر من 7500 إسرائيلي جُرحوا؛ ونحو 40000 إلى 50000 فلسطيني سُجنوا؛ فضلاً عن تدمير هائل للبنية التحتية. انسحبت إسرائيل من غزة من جانب واحد في أغسطس/آب 2005، بينما كثفت التوسع الاستيطاني في الضفة الغربية. وشُيّد جدار الفصل العنصري - الذي أعلنت محكمة العدل الدولية عدم شرعيته - ما أدى إلى مصادرة آلاف الأفدنة من الأراضي الفلسطينية. دمرت الانتفاضة الثانية ما تبقى من عملية السلام، وعززت الاحتلال، وقوّت قوة حماس، وفرضت الحصار على غزة. وأرست أنماطًا لا تزال قائمة حتى اليوم: المقاومة الفلسطينية تُقابل بقوة إسرائيلية مفرطة؛ والتفجيرات الانتحارية تُستخدم لتبرير العقاب الجماعي؛ والسلام التفاوضي يُعتبر مستحيلاً. كانت الخسائر البشرية فادحة على كلا الجانبين، لكن النتيجة السياسية كانت واضحة: تعمّق النفوذ الإسرائيلي بينما تراجعت الحرية الفلسطينية أكثر فأكثر.,الضفة الغربية، قطاع غزة، إسرائيل، الأراضي الفلسطينية المحتلة، وإسرائيل نفسها,الأراضي الفلسطينية المحتلة وإسرائيل، الضفة الغربية تحت الاحتلال العسكري الإسرائيلي مع سيطرة محدودة للسلطة الفلسطينية؛ غزة تحت الحصار؛ أدت الانتفاضة الثانية إلى انسحاب إسرائيل من غزة (2005)، وبناء جدار الفصل، وانهيار عملية السلام,جرائم حرب؛ انتهاكات القانون الدولي الإنساني (المقرر الخاص للأمم المتحدة؛ هيومن رايتس ووتش؛ منظمة العفو الدولية)
hist011,hist011,عملية عسكرية / حرب المدن,جزء من عملية الدرع الدفاعي؛ رداً على مذبحة عيد الفصح (27 مارس 2002),"أُنشئ مخيم جنين للاجئين عام 1953 لإيواء الفلسطينيين الذين نزحوا خلال نكبة 1948، ومعظمهم من حيفا والقرى المحيطة بها. وبحلول عام 2002، كان يعيش في المخيم المكتظ، الذي لا تتجاوز مساحته كيلومترًا مربعًا واحدًا، نحو 14 ألف لاجئ. وبموجب اتفاقيات أوسلو، خضعت جنين لسيطرة السلطة الفلسطينية الكاملة عام 1995 (المنطقة أ). إلا أن المخيم تحول إلى معقل للجماعات الفلسطينية المسلحة خلال الانتفاضة الثانية. ووفقًا لمصادر إسرائيلية وفلسطينية، يُقدّر عدد المقاتلين المسلحين من حماس والجهاد الإسلامي وكتائب شهداء الأقصى والتنظيم الذين كانوا ينشطون من المخيم ما بين 80 و100 مقاتل. وزعمت إسرائيل أن 28 هجومًا انتحاريًا نُفذت من جنين بين أكتوبر/تشرين الأول 2000 وأبريل/نيسان 2002. بعد المجزرة المروعة التي وقعت في فندق بارك بمدينة نتانيا خلال عيد الفصح، والتي أسفرت عن مقتل 30 مدنياً إسرائيلياً في 27 مارس/آذار 2002، أطلقت الحكومة الإسرائيلية عملية ""الدرع الواقي""، وهي أكبر عملية عسكرية في الضفة الغربية منذ عام 1967. وتم تحديد مخيم جنين للاجئين كهدف رئيسي. في 3 أبريل/نيسان 2002، حاصرت نحو 200 دبابة إسرائيلية مخيم جنين، وقدمت مروحيات أباتشي وطائرات إف-16 المقاتلة الدعم الجوي. وكان الهدف المعلن للجيش الإسرائيلي هو ""تدمير البنية التحتية العملياتية للتنظيمات المسلحة"" والقبض على المسؤولين عن التفجيرات الانتحارية أو قتلهم. وكان المسلحون الفلسطينيون قد توقعوا الهجوم، وأعدوا دفاعات المخيم على نطاق واسع: فقد زرعوا عشرات العبوات الناسفة في أنابيب المياه وخزائن المطابخ والمداخل والشوارع، ونصبوا أفخاخاً في جميع أنحاء المخيم، وحصّنوا مواقعهم في المباني، وجهزوا أماكن الكمائن. وبدأ الجيش الإسرائيلي عمليات تفتيش من منزل إلى منزل، متقدماً ببطء عبر الأزقة الضيقة. في التاسع من أبريل/نيسان، اليوم السادس من العملية، قُتل 13 جنديًا إسرائيليًا في كمين مدمر، حيث استدرج مقاتلون فلسطينيون وحدة من جيش الدفاع الإسرائيلي إلى زقاق ضيق وفجروا متفجرات ضخمة، مما أدى إلى انهيار مبانٍ على الجنود. كان هذا الحادث الأكثر دموية لجيش الدفاع الإسرائيلي خلال الانتفاضة الثانية بأكملها. في أعقاب هذه الخسارة الفادحة، تغيرت التكتيكات العسكرية الإسرائيلية بشكل جذري. فبعد كمين التاسع من أبريل/نيسان، نشر جيش الدفاع الإسرائيلي جرافات مدرعة ضخمة من طراز كاتربيلر دي-9 أمريكية الصنع، وهي آلات تزن 60 طنًا مزودة بدروع قادرة على هدم مبانٍ متعددة الطوابق في دقائق. وبدلًا من مواصلة القتال الخطير من منزل إلى منزل، بدأت الجرافات في هدم المباني بشكل منهجي لإنشاء ممرات واسعة للدبابات والقضاء على مواقع الكمائن المحتملة. وثّق محققو هيومن رايتس ووتش أن الجرافات هدمت أكثر من 140 مبنى، مما أدى إلى تدمير ما يقرب من 10% من إجمالي مباني المخيم. دُمِّرت العديد من المباني بينما كانت العائلات لا تزال محاصرة بداخلها، حيث سُحق بعض السكان حتى الموت، ودُفن آخرون أحياءً تحت الأنقاض. فرض الجيش الإسرائيلي حصارًا تامًا: مُنع الدخول والخروج، وحُجب الوصول إلى الخدمات الطبية لمدة 11 يومًا (من 4 إلى 15 أبريل/نيسان)، وأُطلقت النار على سيارات الإسعاف، وقُطعت المياه والكهرباء، ومُنع دخول الطعام. قُتلت فروة جمال، وهي ممرضة تبلغ من العمر 27 عامًا، برصاص الجيش الإسرائيلي أثناء معالجتها لمدني جريح. توفي مدنيان مصابان على الأقل لأن الجنود الإسرائيليين منعوا سيارات الإسعاف من الوصول إليهما لأكثر من 36 ساعة. عندما تمكن محققو هيومن رايتس ووتش أخيرًا من الوصول في 19 أبريل/نيسان، وجدوا مشاهد دمار هائل: أحياء بأكملها تحولت إلى ركام، وجثث لا تزال مدفونة تحت المباني المنهارة، وأدلة على عمليات قتل متعمدة. وخلص تقريرهم المكون من 52 صفحة إلى أن: ""القوات الإسرائيلية ارتكبت انتهاكات خطيرة للقانون الدولي الإنساني، بعضها يرقى ظاهريًا إلى جرائم حرب"". حاولت الأمم المتحدة فتح تحقيق، لكن إسرائيل عرقلت بعثة تقصي الحقائق. الحصيلة النهائية: مقتل 52 فلسطينياً (22 مدنياً - من بينهم صبي يبلغ من العمر 14 عاماً، ورجل مسن مقعد على كرسي متحرك، ونساء)، ومقتل 23 جندياً إسرائيلياً، وهدم أكثر من 140 مبنى، وتشريد 4000 شخص.",مخيم جنين للاجئين، جنين، الضفة الغربية، المنطقة أ التابعة للسلطة الفلسطينية (السيطرة الفلسطينية الكاملة حتى إعادة الاحتلال),مخيم جنين للاجئين، الضفة الغربية، تحت الاحتلال العسكري الإسرائيلي؛ السلطة الفلسطينية تسيطر بشكل محدود على الأمن؛ أعيد بناء المخيم لكنه لا يزال بؤرة توتر؛ غارات عسكرية إسرائيلية متكررة؛ موقع للعنف المستمر,جرائم حرب (هيومن رايتس ووتش ظاهرياً)؛ انتهاكات القانون الدولي الإنساني
hist012,hist012,عملية عسكرية,عملية عسكرية إسرائيلية استمرت 22 يوماً في قطاع غزة,بدأت عملية الرصاص المصبوب في تمام الساعة 11:30 صباحًا من يوم 27 ديسمبر/كانون الأول 2008، عندما شنت طائرات مقاتلة إسرائيلية من طراز إف-16 ومروحيات أباتشي غارات جوية متزامنة على أكثر من 100 هدف مُخطط له مسبقًا في جميع أنحاء قطاع غزة خلال 220 ثانية. استهدفت الهجمات الأولى مراكز الشرطة - بما في ذلك مركزًا خلال حفل تخرج ضباط جدد، ما أسفر عن مقتل 99 شرطيًا - ومبانٍ حكومية، وبنية تحتية تابعة لحماس. وبحلول نهاية اليوم الأول، قُتل ما لا يقل عن 230 فلسطينيًا. استمر القصف الجوي لمدة سبعة أيام قبل أن تغزو القوات البرية الإسرائيلية قطاع غزة من الشمال والشرق في 3 يناير/كانون الثاني 2009. وقصفت البحرية في الوقت نفسه من على الساحل. على مدار 22 يومًا، نفذت القوات الإسرائيلية ما وصفه تحقيق الأمم المتحدة بأنه هجوم غير متناسب عمدًا، مصمم لمعاقبة السكان المدنيين وإذلالهم وترويعهم. وشملت العملية تدميرًا واسع النطاق للبنية التحتية المدنية، بما في ذلك المستشفيات والمدارس والمساجد ومنشآت الأمم المتحدة ومحطات المياه ومحطات معالجة مياه الصرف الصحي. كشفت حوادث متعددة وثّقتها بعثة الأمم المتحدة ومنظمات حقوق الإنسان عن أنماط من الانتهاكات: مجزرة عائلة الساموني، حيث أجبر جنود نحو 100 مدني على دخول مبنى ثم قصفوه، ما أسفر عن مقتل 21 منهم؛ والغارة الجوية على عائلة الداعية، التي أسفرت عن مقتل 22 مدنياً؛ وعدة حالات أطلق فيها جنود النار على مدنيين يحملون أعلاماً بيضاء؛ والاستخدام المكثف لذخائر الفوسفور الأبيض في مناطق مكتظة بالسكان. وثّق المركز الفلسطيني لحقوق الإنسان 1419 حالة وفاة فلسطينية، من بينهم 1167 مدنياً، بينما أفادت منظمة بتسيلم بمقتل 1385 فلسطينياً، من بينهم 762 مدنياً و318 قاصراً.,قطاع غزة، غزة، قطاع غزة الذي تحكمه حماس ويخضع لحصار إسرائيلي منذ عام 2007,قطاع غزة، تحت الحصار والاحتلال الإسرائيليين؛ تحكمه حماس، حصار مستمر منذ عام 2007؛ إعادة الإعمار غير مكتملة,جرائم الحرب؛ جرائم ضد الإنسانية (تقرير الأمم المتحدة غولدستون)
hist013,hist013,عملية عسكرية، غارات جوية، خسائر في صفوف المدنيين,تصعيد في أعقاب عملية اغتيال مستهدفة لقائد عسكري في حماس,"في 14 نوفمبر/تشرين الثاني 2012، حوالي الساعة 3:45 مساءً، اغتال سلاح الجو الإسرائيلي أحمد الجعبري، قائد الجناح العسكري لحركة حماس، معلناً بذلك بدء عملية عمود الدفاع. وعلى مدار ثمانية أيام، شنّ الجيش الإسرائيلي غارات على نحو 1500 هدف في أنحاء قطاع غزة، شملت منصات إطلاق صواريخ تحت الأرض، وأنفاق تهريب أسلحة، ومخازن أسلحة، ومساكن مسؤولين في حماس. وعلى عكس عملية الرصاص المصبوب (2008-2009)، لم تشهد العملية أي توغل بري. ووفقاً لتحقيقات منظمة بتسيلم الميدانية المنشورة في مايو/أيار 2013، أسفرت العملية عن مقتل 167 فلسطينياً: 87 مدنياً على الأقل لم يشاركوا في الأعمال العدائية (52%)، بينهم 32 طفلاً؛ و62 مقاتلاً؛ و7 ضحايا اغتيالات؛ و11 مجهولي الهوية. ووثّقت مجموعة الأمم المتحدة للحماية أكثر من 11100 إصابة، من بينهم 3374 طفلاً. كشف التحليل أن 80% من وفيات المدنيين وقعت في الأيام الأربعة الأخيرة، حين انقلبت نسبة وفيات المدنيين إلى وفيات المقاتلين بشكل حاد. لقي ستة إسرائيليين حتفهم جراء إطلاق صواريخ فلسطينية: أربعة مدنيين واثنان من أفراد الأمن. أطلقت الفصائل الفلسطينية 1667 صاروخًا باتجاه إسرائيل (بحسب أرقام جهاز الأمن الإسرائيلي)، اعترضت منظومة القبة الحديدية 436 منها. كما أعدمت حماس ما لا يقل عن ستة أو سبعة فلسطينيين بتهمة التواطؤ خلال العملية. حققت منظمة بتسيلم في تسع حوادث محددة أثارت ""شكوكًا جدية"" بانتهاكات للقانون الدولي الإنساني، بما في ذلك هجمات أسفرت عن مقتل أطفال يعملون في الحقول، وعائلات في منازلها دون سابق إنذار، ومدنيين خلال زيارة وزراء خارجية عرب. اعترف المتحدث باسم الجيش الإسرائيلي في البداية بـ""خطأ محتمل"" في الضربة التي أودت بحياة 12 فردًا من عائلة الدلو، لكن فيلق الشؤون العسكرية أغلق القضية لاحقًا دون توجيه اتهامات.",قطاع غزة، وهو أرض فلسطينية تخضع لحصار إسرائيلي منذ عام 2007، وتديرها حركة حماس,قطاع غزة؛ أرض فلسطينية محتلة إسرائيلياً منذ عام 1967، وتخضع لحكم حماس منذ عام 2007؛ تخضع لحصار؛ وتتعرض لعمليات عسكرية إسرائيلية متكررة,جرائم حرب؛ انتهاكات القانون الدولي الإنساني (تقرير بتسيلم مايو 2013)
hist014,hist014,عملية عسكرية,عملية عسكرية إسرائيلية استمرت 51 يوماً في قطاع غزة؛ الصراع الأكثر دموية في غزة,"بدأت عملية الجرف الصامد في 7 يوليو/تموز 2014، ظاهريًا ردًا على تصاعد إطلاق الصواريخ من غزة، ولكن في سياق تصاعد التوترات عقب اختطاف وقتل ثلاثة مراهقين إسرائيليين في الضفة الغربية في يونيو/حزيران. شنت إسرائيل غارات جوية مكثفة على غزة، حيث نفذت أكثر من 6000 غارة جوية خلال 51 يومًا. مرت العملية بثلاث مراحل: أسبوع أولي من القصف الجوي المكثف، ثم توغل بري بدأ في 17 يوليو/تموز بهدف تدمير الأنفاق العابرة للحدود، ومرحلة أخيرة بدأت في 5 أغسطس/آب تميزت بتناوب وقف إطلاق النار واستمرار الغارات. كانت الأهداف المعلنة هي وقف الهجمات الصاروخية وتدمير البنية التحتية العسكرية لحماس وشبكة أنفاقها. كانت الخسائر البشرية غير مسبوقة. وثقت لجنة التحقيق التابعة للأمم المتحدة مقتل 2251 فلسطينيًا، منهم 1462 مدنيًا - أي 65% من إجمالي القتلى. كان من بين القتلى 551 طفلًا و299 امرأة. أُبيدت عائلات بأكملها في غارات جوية منفردة: 18 فرداً من عائلة البطش قُتلوا في 13 يوليو/تموز، و17 فرداً من عائلة أبو جامع في 20 يوليو/تموز، و26 فرداً من عائلة النجار في 20 يوليو/تموز. حققت اللجنة في 15 حالة هجوم على مبانٍ سكنية، ووجدت أنه في كثير من الحالات لم يكن هناك دليل على وجود هدف عسكري مشروع، أو أن الهجمات كانت غير متناسبة بشكل صارخ. وثّقت بتسيلم 606 هجمات على مبانٍ سكنية أسفرت عن مقتل 1447 مدنياً. وكانت نسبة النساء بين القتلى المدنيين (20.2%) أعلى بكثير من العمليات السابقة. وبرزت عدة حوادث محددة بوحشيتها. ففي 19-20 يوليو/تموز، شنت القوات الإسرائيلية هجوماً واسع النطاق على الشجاعية، أحد أكثر أحياء غزة اكتظاظاً بالسكان. وقُتل أكثر من 100 فلسطيني في غضون 24 ساعة تقريباً، حيث قصفت المدفعية الإسرائيلية آلاف القذائف على المناطق السكنية. ووصف شهود عيان إطلاق النار على مدنيين أثناء محاولتهم الفرار رافعين أعلاماً بيضاء. في الأول من أغسطس/آب، وبعد أنباء عن أسر جندي إسرائيلي في رفح، استندت إسرائيل إلى توجيهات حنبعل، داعيةً إلى استخدام القوة المفرطة دون مراعاة لأرواح المدنيين. وفي غضون ثلاث ساعات، أطلقت القوات الإسرائيلية أكثر من ألف قذيفة مدفعية على رفح، ما أسفر عن مقتل ما بين 130 و150 فلسطينيًا، غالبيتهم العظمى من المدنيين. ووصفت الأمم المتحدة هذا العمل بأنه ""انتهاك أخلاقي فادح وعمل إجرامي"". كما كان التدمير الممنهج للبنية التحتية في غزة مروعًا: فقد دُمرت محطة توليد الكهرباء الوحيدة في غزة، وسُوّيت 18 ألف منزل بالأرض، وتضرر 89 ألف منزل، وتعرضت 73 منشأة طبية للهجوم، وتضررت 262 مدرسة. وخلصت لجنة الأمم المتحدة إلى وجود أدلة تشير إلى انتهاكات جسيمة للقانون الدولي الإنساني ترقى إلى جرائم حرب من قبل القوات الإسرائيلية، بما في ذلك الهجمات المتعمدة على المدنيين والبنية التحتية المدنية. كما وجدت اللجنة أن الجماعات الفلسطينية المسلحة ارتكبت جرائم حرب من خلال الهجمات الصاروخية العشوائية والإعدام خارج نطاق القضاء لـ 21 شخصًا يُزعم أنهم متعاونون مع الفلسطينيين. أما على الجانب الإسرائيلي، فقد لقي 73 شخصًا حتفهم: 67 جنديًا و6 مدنيين قُتلوا جراء الصواريخ وقذائف الهاون.",قطاع غزة وجنوب إسرائيل، قطاع غزة الذي تحكمه حماس يخضع لحصار إسرائيلي منذ عام 2007,قطاع غزة، تحت الحصار الإسرائيلي؛ تحكمه حماس؛ إعادة الإعمار غير مكتملة؛ حصار مستمر؛ البنية التحتية متضررة بشدة,جرائم الحرب؛ جرائم ضد الإنسانية (لجنة التحقيق التابعة للأمم المتحدة 2015)
hist015,hist015,عمليات قتل جماعي / قمع الاحتجاجات,احتجاجات أسبوعية عند السياج الفاصل بين غزة وإسرائيل للمطالبة بحق العودة,"بدأت مسيرات العودة الكبرى في 30 مارس/آذار 2018، الذي صادف يوم الأرض الفلسطيني والذكرى الثانية والأربعين للاحتجاجات الجماهيرية ضد مصادرة إسرائيل للأراضي. نُظمت هذه الاحتجاجات من قبل نشطاء مستقلين، وكان الهدف منها لفت انتباه المجتمع الدولي إلى الأزمة الإنسانية في غزة، والحصار المفروض عليها، وحق اللاجئين الفلسطينيين في العودة. أُقيمت خمسة مواقع مخصصة للاحتجاج على طول الحدود الشرقية لغزة، على بُعد مئات الأمتار من السياج الفاصل. كان من المُفترض أن تستمر الاحتجاجات من يوم الأرض (30 مارس/آذار) حتى يوم النكبة (15 مايو/أيار)، لكنها استمرت لمدة 21 شهرًا حتى أعلنت حماس إنهاءها في 27 ديسمبر/كانون الأول 2019. كان رد إسرائيل فوريًا ودمويًا. نشرت قوات الدفاع الإسرائيلية قناصة على طول السياج، مع قواعد اشتباك تسمح باستخدام الذخيرة الحية ضد المتظاهرين. في اليوم الافتتاحي، 30 مارس/آذار 2018، قتلت القوات الإسرائيلية 18 فلسطينيًا وأطلقت النار على أكثر من 700 آخرين بالذخيرة الحية. كان يوم 14 مايو/أيار 2018، وهو اليوم الذي افتُتحت فيه السفارة الأمريكية رسميًا في القدس، الأكثر دموية، حيث قتلت القوات الإسرائيلية 60 فلسطينيًا وأطلقت النار على أكثر من 1100. وبحلول 31 ديسمبر/كانون الأول 2018، أطلق القناصة الإسرائيليون النار على 6106 فلسطينيين بالذخيرة الحية، مما أسفر عن مقتل 183 منهم خلال أيام الاحتجاج الرسمية. كان من بين القتلى 35 طفلًا، وثلاثة مسعفين يحملون شارات واضحة، وصحفيان يحملان شارات واضحة. كما أُصيب 3098 فلسطينيًا آخر بشظايا الرصاص، أو الرصاص المعدني المغلف بالمطاط، أو قنابل الغاز المسيل للدموع. حققت لجنة التحقيق التابعة للأمم المتحدة في كل عملية قتل وقعت في مواقع المظاهرات المحددة خلال أيام الاحتجاج الرسمية بين 30 مارس/آذار و31 ديسمبر/كانون الأول 2018. راجع أعضاء اللجنة أدلة الفيديو، والسجلات الطبية، وتقارير المقذوفات، وأجروا مقابلات موسعة. وكانت نتائجهم دامغة: باستثناء حادثتين، وجدت اللجنة أسبابًا وجيهة للاعتقاد بأن استخدام الذخيرة الحية كان غير قانوني. لم يكن الضحايا مشاركين بشكل مباشر في الأعمال العدائية، ولم يشكلوا تهديدًا وشيكًا وقت إطلاق النار عليهم. وصرحت المفوضة سارة حسين قائلةً: ""لا يوجد أي مبرر لقتل وإصابة الصحفيين والمسعفين والأشخاص الذين لم يشكلوا تهديدًا وشيكًا بالموت أو الإصابة الخطيرة"". وخلصت اللجنة إلى أن نمط الانتهاكات قد يرقى إلى جرائم حرب أو جرائم ضد الإنسانية. ومن بين الضحايا البارزين المسعفة رزان النجار، البالغة من العمر 21 عامًا، والتي قُتلت بالرصاص أثناء معالجتها للمتظاهرين الجرحى رغم ارتدائها سترة طبية بيضاء مميزة، والصحفي ياسر مرتجى، الذي قُتل بالرصاص أثناء ارتدائه شارة صحفية. وبحلول نهاية الاحتجاجات في ديسمبر/كانون الأول 2019، كان 223 فلسطينيًا قد قُتلوا وأصيب 28,939 آخرون. واحتاج 122 فلسطينيًا على الأقل إلى بتر أطرافهم، من بينهم 20 طفلًا. ولم تُجرِ إسرائيل أي تحقيقات جادة، حيث أُغلقت جميع القضايا تقريبًا دون توجيه اتهامات.",قطاع غزة - السياج الفاصل مع إسرائيل، قطاع غزة الذي تحكمه حماس يخضع لحصار إسرائيلي منذ عام 2007,قطاع غزة، تحت الحصار الإسرائيلي؛ تحكمه حماس، الحصار مستمر؛ انتهت الاحتجاجات في ديسمبر 2019,عمليات قتل جماعي / قمع الاحتجاجات
hist016,hist016,عملية عسكرية,عملية عسكرية إسرائيلية استمرت 11 يوماً في قطاع غزة,"كان التصعيد الذي تحوّل إلى عملية ""حارس الجدران"" متجذرًا في أحداث القدس. فخلال شهر رمضان 2021، أقامت الشرطة الإسرائيلية حواجز تمنع الفلسطينيين من التجمع عند باب دمشق، وهو مكان تجمع تقليدي، وقمعت الاحتجاجات بعنف. وفي الوقت نفسه، مضت المحاكم الإسرائيلية قدمًا في إجراءات إخلاء عائلات فلسطينية من حي الشيخ جراح في القدس الشرقية لإفساح المجال أمام المستوطنين اليهود. وفي 7 مايو/أيار، أُصيب مئات الفلسطينيين عندما اقتحمت الشرطة الإسرائيلية باحة المسجد الأقصى أثناء الصلاة، وأطلقت الرصاص المطاطي والقنابل الصوتية والغاز المسيل للدموع داخل المسجد. وسرعان ما صدرت إدانات دولية، ولكن في 10 مايو/أيار، ليلة القدر، أقدس ليالي رمضان، داهمت الشرطة الإسرائيلية المسجد الأقصى مرة أخرى، مما أسفر عن إصابة أكثر من 300 فلسطيني. ووجهت حماس إنذارًا نهائيًا تطالب فيه القوات الإسرائيلية بالانسحاب من المسجد الأقصى وحي الشيخ جراح بحلول الساعة السادسة مساءً. وعندما رفضت إسرائيل، أطلقت حماس وحركة الجهاد الإسلامي صواريخ باتجاه القدس في الساعة 6:05 مساءً، إيذانًا ببدء الصراع. كان رد إسرائيل فوريًا وساحقًا. ففي غضون ساعات، قصفت الطائرات الإسرائيلية أكثر من 130 هدفًا في أنحاء غزة. وعلى مدى الأيام الأحد عشر التالية، نفذ الجيش الإسرائيلي أكثر من 1500 غارة جوية، بينما أطلقت الفصائل الفلسطينية المسلحة 4360 صاروخًا وقذيفة هاون باتجاه إسرائيل، وقد اعترض نظام القبة الحديدية ما يقرب من 90% من القذائف المتجهة نحو المناطق المأهولة بالسكان. في اليوم الأول، استهدف صاروخ عائلة المصري في بيت حانون، مما أسفر عن مقتل 8 مدنيين، بينهم 6 أطفال كانوا يجمعون الشعير كعلف للحيوانات. زعمت إسرائيل أنه صاروخ فلسطيني أُطلق بالخطأ، لكن تحقيق منظمة هيومن رايتس ووتش وجد أدلة على وجود صاروخ موجه، ولم يجد أي هدف عسكري. أما الحادث الأكثر دموية، فكان في 16 مايو/أيار، عندما شنت القوات الإسرائيلية هجومًا استمر أربع دقائق على شارع الوحدة في وسط مدينة غزة، مما أدى إلى انهيار ثلاثة مبانٍ سكنية متعددة الطوابق. وقُتل 44 مدنيًا، بينهم 18 طفلًا. وخلصت هيومن رايتس ووتش إلى أن المباني انهارت بعد أن أصابت الصواريخ الطريق أو الرصيف المجاور لها، ولم تكن هناك أهداف عسكرية واضحة. جرت العملية في ظل الحصار الإسرائيلي المفروض على غزة منذ 14 عامًا، والتمييز الممنهج الذي تمارسه إسرائيل ضد الفلسطينيين، والذي وصفته منظمة هيومن رايتس ووتش بأنه فصل عنصري قبل شهر واحد فقط في أبريل/نيسان 2021. أسفر الصراع الذي استمر 11 يومًا عن مقتل 260 فلسطينيًا (129 مدنيًا وفقًا للأمم المتحدة/هيومن رايتس ووتش، على الرغم من ادعاء إسرائيل أن معظمهم كانوا مسلحين). كما قُتل 13 إسرائيليًا، بينهم 12 مدنيًا، جراء قصف صاروخي. أجرت هيومن رايتس ووتش تحقيقات معمقة في ثلاث غارات إسرائيلية أسفرت عن مقتل 62 مدنيًا فلسطينيًا، ولم تجد أي أهداف عسكرية واضحة في محيط أي منها، ما يشكل جرائم حرب واضحة. أما الحادثة الثالثة التي حققت فيها هيومن رايتس ووتش، فكانت قصف مبنى في مخيم الشاطئ للاجئين في 15 مايو/أيار، والذي أسفر عن مقتل 10 أشخاص (8 أطفال وامرأتان)؛ زعمت إسرائيل أن مسؤولين كبارًا في حماس كانوا يختبئون هناك، لكن هيومن رايتس ووتش لم تجد أي دليل على وجود أهداف عسكرية. كما وثّق التقرير ارتكاب جماعات فلسطينية مسلحة جرائم حرب من خلال إطلاق صواريخ عشوائية على مراكز سكانية إسرائيلية. انتهت العملية بوقف إطلاق النار بوساطة مصرية في 21 مايو، لكن لم يحقق أي من الطرفين أهدافاً استراتيجية، وتفاقمت الأزمة الإنسانية في غزة بشكل كبير.",قطاع غزة، إسرائيل، القدس الشرقية، الضفة الغربية، غزة التي تسيطر عليها حماس تخضع لحصار إسرائيلي؛ القدس الشرقية والضفة الغربية تحت الاحتلال,قطاع غزة، تحت الحصار الإسرائيلي؛ تحكمه حماس، الحصار مستمر؛ إعادة الإعمار غير مكتملة,عملية عسكرية
hist017,hist017,المداهمات العسكرية / عمليات القتل الممنهجة,فترة عامين من العمليات العسكرية الإسرائيلية المكثفة في الضفة الغربية,"بدأ التصعيد في ربيع عام 2022 عقب سلسلة هجمات شنّها فلسطينيون داخل إسرائيل، أسفرت عن مقتل 19 إسرائيليًا بين 22 مارس و7 مايو. وردّت إسرائيل بإطلاق ""عملية كسر الموجة""، وهي عبارة عن غارات عسكرية شبه ليلية على مدن ومخيمات اللاجئين في الضفة الغربية، ولا سيما جنين ونابلس. وقد أصبحت هذه المدن مراكز لمقاومة فلسطينية مسلحة متجددة مع ظهور جماعات مثل كتائب جنين (التي تأسست في سبتمبر 2021)، و""عرين الأسود"" في نابلس، وكتائب بلاطة. وشملت العمليات الإسرائيلية نشرًا مكثفًا للقوات، واستخدام الجرافات لتدمير البنية التحتية والطرق، واستخدام الذخيرة الحية في المناطق المكتظة بالسكان، وتزايد القصف الجوي بما في ذلك غارات الطائرات المسيّرة. وبحلول نهاية عام 2022، بلغ عدد القتلى الفلسطينيين 220، بينهم 48 طفلاً، وهو أعلى عدد سنوي منذ انتهاء الانتفاضة الثانية عام 2005. ولم يقتصر العنف على المواجهات المسلحة. بحسب تحليل موقع ""ميدل إيست آي""، يُرجّح أن غالبية الضحايا الفلسطينيين في عام 2022 كانوا عُزّلًا وقت وفاتهم. فقد قُتل ما لا يقل عن 95 فلسطينيًا برصاص جنود إسرائيليين أثناء مداهمات عسكرية أو مشاركتهم في مظاهرات مناهضة للاحتلال. وقُتلت سبع نساء وفتيات، من بينهن جانا زكارنة، البالغة من العمر 15 عامًا، والتي أُصيبت برصاصتين في وجهها بينما كانت تلعب مع قطتها على سطح منزلها، وفولة المسالمة، البالغة من العمر 15 عامًا أيضًا، والتي قُتلت قبل يوم من عيد ميلادها. أما الحادثة الأكثر تأثيرًا على الصعيد الدولي فكانت مقتل شيرين أبو عقلة، مراسلة قناة الجزيرة الفلسطينية المخضرمة، التي أُصيبت برصاصة في رأسها في 11 مايو/أيار 2022 أثناء تغطيتها مداهمة في جنين. ورغم ارتدائها سترة تحمل شعار ""صحافة"" بوضوح ووقوفها مع صحفيين آخرين، إلا أن أبو عقلة قُتلت بنيران إسرائيلية. حققت لجنة التحقيق التابعة للأمم المتحدة وخلصت، بناءً على أسس معقولة، إلى أن القوات الإسرائيلية استخدمت القوة المميتة دون مبرر بموجب القانون الدولي لحقوق الإنسان، وأنها انتهكت، عمدًا أو بتهور، حق أبو عقلة في الحياة. وتصاعد العنف بشكل أكبر في عام 2023. ففي يناير/كانون الثاني، أسفرت غارة على جنين عن مقتل 10 فلسطينيين، بينهم امرأة تبلغ من العمر 61 عامًا أصيبت برصاصة في رقبتها بينما كانت تشاهد من نافذة غرفة نومها. وفي فبراير/شباط، قُتل 11 فلسطينيًا في نابلس، بينهم مدنيون أصيبوا برصاص في الظهر أثناء فرارهم. وفي يوليو/تموز، نفذت إسرائيل أكبر عملية لها في الضفة الغربية منذ 20 عامًا، وهي هجوم استمر 14 ساعة على مخيم جنين للاجئين باستخدام طائرات مسيرة ومروحيات حربية ومئات الجنود، مما أسفر عن مقتل 12 شخصًا وإجبار 500 عائلة على الفرار. وبحلول ديسمبر/كانون الأول 2023، أعلنت منظمة أطباء بلا حدود أن ذلك العام كان ""الأكثر دموية بالنسبة للفلسطينيين في الضفة الغربية في التاريخ المسجل""، حيث قُتل 507 أشخاص، بينهم 127 طفلاً. خلصت لجنة الأمم المتحدة إلى أن القوات الإسرائيلية انتهكت القانون الدولي بشكل ممنهج من خلال تطبيق قواعد القتال على حالات إنفاذ القانون، واستخدام القوة المفرطة، وعدم التمييز بين المدنيين والمقاتلين، وعرقلة الرعاية الطبية، وتنفيذ ما يرقى إلى عمليات إعدام خارج نطاق القضاء. وفي الوقت نفسه، تصاعد عنف المستوطنين بشكل ملحوظ، حيث سجلت الأمم المتحدة أكثر من 800 هجوم استيطاني على الفلسطينيين بين أكتوبر/تشرين الأول 2022 ومايو/أيار 2024، وغالباً ما وقعت هذه الهجمات بتواطؤ أو مشاركة من الجيش الإسرائيلي.",الضفة الغربية بما فيها القدس الشرقية، وهي أراضٍ فلسطينية تخضع للاحتلال العسكري الإسرائيلي منذ عام 1967,الضفة الغربية، تحت الاحتلال العسكري الإسرائيلي؛ المناطق أ، ب، ج مقسمة بموجب اتفاقيات أوسلو؛ احتلال مستمر؛ تصاعد العنف بشكل ملحوظ,القتل غير المشروع؛ استخدام القوة المفرطة
curr_001,curr_001,هجوم على المستشفى,الإبادة الجماعية الحالية (من عام 2023 حتى الآن),انفجار في مجمع مستشفى الأهلي المعمداني حيث كان يقيم آلاف الفلسطينيين النازحين. وقد أسفر الانفجار عن سقوط عدد كبير من الضحايا في ساحة المستشفى.,المستشفى الأهلي العربي، مدينة غزة,المستشفى الأهلي العربي، مدينة غزة,
curr_002,curr_002,هجوم على مخيم للاجئين,الإبادة الجماعية الحالية (من عام 2023 حتى الآن),غارة جوية واسعة النطاق على مخيم جباليا للاجئين المكتظ بالسكان. دُمرت أحياء سكنية بأكملها. اعترفت إسرائيل باستهداف قائد حماس.,مخيم جباليا للاجئين، شمال غزة,مخيم جباليا للاجئين، شمال غزة,
curr_003,curr_003,مذبحة,الإبادة الجماعية الحالية (من عام 2023 حتى الآن),أطلقت القوات الإسرائيلية النار على فلسطينيين كانوا ينتظرون توزيع مساعدات غذائية. وسقط مئات المدنيين بين قتيل وجريح أثناء محاولتهم الحصول على الطحين.,شارع الرشيد، مدينة غزة,شارع الرشيد، مدينة غزة,
curr_004,curr_004,هجوم على موقع محمي,الإبادة الجماعية الحالية (من عام 2023 حتى الآن),سلسلة هجمات على مدارس الأونروا التي تُستخدم كملاجئ للنازحين الفلسطينيين. تعرّضت مدارس عديدة للهجوم رغم تنسيق الأمم المتحدة مع القوات الإسرائيلية.,مدارس متعددة تابعة للأونروا، قطاع غزة,مدارس متعددة تابعة للأونروا، قطاع غزة,
curr_005,curr_005,المقابر الجماعية,الإبادة الجماعية الحالية (من عام 2023 حتى الآن),تم اكتشاف مقابر جماعية في مستشفى ناصر بعد الانسحاب الإسرائيلي. عُثر على جثث مقيدة الأيدي، ما يُعد دليلاً على عمليات إعدام. وقد نُقلت بعض الجثث من المستشفى على يد القوات الإسرائيلية.,مجمع ناصر الطبي، خان يونس,مجمع ناصر الطبي، خان يونس,
curr_006,curr_006,حصار المستشفى,الإبادة الجماعية الحالية (من عام 2023 حتى الآن),حاصرت القوات الإسرائيلية أكبر مستشفى في غزة، وقطعت عنه الكهرباء والماء. وتوفي المرضى نتيجة نقص الرعاية الطبية. وقد داهمت القوات المستشفى رغم حمايته بموجب القانون الدولي.,مستشفى الشفاء، مدينة غزة,مستشفى الشفاء، مدينة غزة,
curr_007,curr_007,مذبحة,الإبادة الجماعية الحالية (من عام 2023 حتى الآن),غارة جوية إسرائيلية على مخيم خيام يأوي فلسطينيين نازحين في رفح. احترق العديد من الضحايا أحياءً داخل خيامهم. وزعمت إسرائيل أنها استهدفت عناصر من حماس.,مخيم للنازحين، رفح,مخيم للنازحين، رفح,
curr_008,curr_008,قتل عمال الإغاثة,الإبادة الجماعية الحالية (من عام 2023 حتى الآن),"استهدفت القوات الإسرائيلية وقتلت سبعة من عمال الإغاثة التابعين لمنظمة ""وورلد سنترال كيتشن"" في ثلاث غارات متتالية على مركبات تحمل علامات واضحة. وأعقب ذلك استنكار دولي واسع.",دير البلح، وسط غزة,دير البلح، وسط غزة,
curr_009,curr_009,تدمير المدن,الإبادة الجماعية الحالية (من عام 2023 حتى الآن),تدمير ممنهج لأحياء بأكملها في مدينة غزة. آلاف المباني تحولت إلى ركام. نزوح جماعي للسكان.,مدينة غزة,مدينة غزة,
curr_010,curr_010,حرب التجويع,الإبادة الجماعية الحالية (من عام 2023 حتى الآن),حصار كامل على شمال غزة بما في ذلك جباليا وبيت حانون وبيت لاهيا. لا يُسمح بالطعام أو الماء أو الإمدادات الطبية. استخدام التجويع كوسيلة للحرب.  ,شمال قطاع غزة,شمال قطاع غزة,
