id,_anchor,event_type_de,date_context_de,brief_summary_de,location_historical_de,location_current_de,classification_de
hist001,hist001,Massaker,Unter britischem Mandat,"Das Massaker von Deir Yassin ereignete sich Anfang April 1948 während heftiger Kämpfe um Jerusalem (im Rahmen der Operation Nachschon). Das Dorf hatte zuvor ein lokales Nichtangriffsabkommen mit benachbarten jüdischen Gemeinden geschlossen; dennoch starteten Irgun und Lehi im Morgengrauen einen Angriff mehrerer Achsen. Haganah/Palmach-Elemente leisteten später Unterstützung. Die Tötung von Zivilisten – darunter Frauen, Kinder und Alte – wurde von israelischen und internationalen Zeugen dokumentiert; überlebende Gefangene wurden in Jerusalem vorgeführt und später freigelassen. Die Schätzungen der Opferzahlen variieren; die meisten Forscher gehen von etwa 107 aus, wobei in zeitgenössischen Berichten höhere Zahlen (etwa 200–250) genannt werden. Die gesamte Dorfbevölkerung (etwa 710 im Jahr 1948) wurde vertrieben; das Land von Deir Yassin wurde später in die Stadtteile Westjerusalems eingemeindet. Keiner der Täter wurde strafrechtlich verfolgt; Irgun-Kommandant Menachem Begin wurde später Ministerpräsident (1977–1983).","Deir Yassin (Dayr Yasin), Jerusalem, Britisches Mandatsgebiet Palästina","Stadtteil Givat Shaul, Westjerusalem, Israel, Dorf abgerissen; Gelände in israelische Wohngebiete integriert",Kriegsverbrechen (Haager Übereinkommen von 1907); Verbrechen gegen die Menschlichkeit (moderne)
hist002,hist002,Massaker,"Arabisch-Israelischer Krieg von 1948, Küstenoperationen","Am 22. und 23. Mai 1948 griff die Alexandroni-Brigade der Hagana (spätere israelische Armee) das palästinensische Küstendorf Tantura an. Das Dorf hatte etwa 1.500 Einwohner und war für seine Fischerei bekannt. Trotz Kapitulationsversuchen und dem Hissen weißer Flaggen durchsuchten israelische Streitkräfte die Häuser, trennten Männer von Frauen und Kindern und exekutierten die männlichen Dorfbewohner. Schätzungsweise 200 bis 250 palästinensische Männer wurden nach der Kapitulation des Dorfes systematisch hingerichtet. Die Leichen wurden in mehreren Massengräbern verscharrt, darunter eines unter dem heutigen Parkplatz von Dor Beach. Das Massaker blieb weitgehend unbekannt, bis der israelische Student Teddy Katz es 1998 durch Interviews mit palästinensischen Überlebenden und beteiligten israelischen Soldaten dokumentierte. Trotz anfänglicher Bestätigung durch Veteranen wurde Katz wegen Verleumdung verklagt und unter Druck gesetzt, eine „Entschuldigung“ zu unterzeichnen (die er später zurückzog). Die israelischen Behörden weigern sich bis heute, die Massengräber auszuheben oder offizielle Ermittlungen einzuleiten. Keiner der Täter wurde strafrechtlich verfolgt. Das Dorf wurde abgerissen und auf seinen Ruinen wurde der Kibbuz Nahsholim errichtet.","Tantura (Al-Tantura), Britisches Mandatsgebiet Palästina, Bezirk Haifa","Dor Beach-Gebiet, Bezirk Haifa, Israel; Kibbuz Nahsholim auf Dorfruinen errichtet; Parkplatz am Dor Beach über einem Massengrab; Dorf abgerissen; Massengräber unberührt",Kriegsverbrechen (Haager Übereinkommen von 1907); Verbrechen gegen die Menschlichkeit (moderne)
hist003,hist003,"Massaker, Zwangsvertreibung, Todesmarsch","Operation Dani, Arabisch-Israelischer Krieg von 1948","Vom 9. bis 13. Juli 1948 eroberten israelische Streitkräfte im Rahmen der Operation Dani unter dem Kommando von Yigal Allon (mit Jitzchak Rabin als Stellvertreter) Lydda und Ramle. In Lydda wurden bei stadtweiten Schießereien Hunderte Zivilisten getötet; allein das Massaker an der Dahmash-Moschee forderte 70 bis über 250 Menschenleben (die Schätzungen variieren). Das 89. Bataillon von Moshe Dayan war an den Bodenoperationen beteiligt. Unmittelbar nach der Einnahme wurden die Vertreibungsbefehle vollstreckt: Die gesamte palästinensische Bevölkerung beider Städte – etwa 50.000 bis 70.000 Menschen, darunter auch Flüchtlinge – wurde gezwungen, in der brütenden Julihitze zu Fuß nach Ramallah zu marschieren. Dieser Todesmarsch forderte zahlreiche Todesopfer durch Durst, Hitzschlag und Entbehrungen; Überlebende berichteten von sterbenden Säuglingen, Menschen, die Gras kauten, um ihren Durst zu stillen, und Soldaten, die ihnen den Zugang zu Wasser verwehrten. Die Gesamtzahl der Todesopfer wird auf 400 bis 1.000 geschätzt (einschließlich der Tötungen in den Städten und der Todesfälle auf dem Marsch). Keiner der Täter wurde strafrechtlich verfolgt. Allon wurde stellvertretender Ministerpräsident; Rabin wurde Ministerpräsident und Friedensnobelpreisträger (1994); Dayan wurde Verteidigungs- und Außenminister. Rabins Memoirenpassagen, in denen er die Ausweisung beschrieb, wurden 1979 zensiert, später jedoch wieder freigegeben.","Lydda (Al-Lydd) und Ramle (Al-Ramla), britisches Mandatsgebiet Palästina (unter israelischer Besatzung vom 11. bis 12. Juli 1948)","Lod und Ramla, Zentralbezirk, Israel; Städte umbenannt und neu besiedelt; kleine palästinensische Minderheit verbleibt",Kriegsverbrechen; Verbrechen gegen die Menschlichkeit; Ethnische Säuberung (Nakba)
hist004,hist004,Massaker,Jordanisch kontrolliertes Westjordanland,"Das Massaker von Qibya ereignete sich in einer Zeit erhöhter Spannungen entlang der Waffenstillstandslinie zwischen Jordanien und Israel. Nach der Ermordung einer israelischen Frau und ihrer beiden Kinder am 12. Oktober 1953 in Yehud startete Israel die „Operation Shoshana“ – einen großangelegten Vergeltungsangriff auf das jordanische Dorf Qibya. Die Einheit 101 unter dem Kommando des 25-jährigen Majors Ariel Sharon griff mit etwa einem halben Bataillon Soldaten an. Nach einem Mörserbeschuss zerstörten Sprengkommandos systematisch Häuser mit den Bewohnern darin mithilfe von Sprengstoff und Handgranaten. Sharon schrieb später, die Operation habe „ein Exempel für alle“ statuieren sollen und den Befehl gehabt, „maximal viele Menschen zu töten und Eigentum zu zerstören“. Die Gemischte Waffenstillstandskommission der Vereinten Nationen verurteilte den Angriff als Bruch des Waffenstillstandsabkommens zwischen Israel und Jordanien. Der UN-Sicherheitsrat verabschiedete die Resolution 101, in der er die Tat aufs Schärfste verurteilte. Das US-Außenministerium nannte den Angriff „schockierend“ und setzte die Wirtschaftshilfe für Israel aus. Trotz internationaler Verurteilung wurde kein Täter strafrechtlich verfolgt.","Qibya (Qibyā), Jordanisches Westjordanland","Qibya, Westjordanland, Palästinensische Gebiete; Dorf wiederaufgebaut; seit 1967 unter israelischer Besatzung",Kriegsverbrechen; Verbrechen gegen die Menschlichkeit (UNSC-Resolution 101)
hist005,hist005,Massaker,Während der israelischen Besetzung des Gazastreifens in der Suez-Krise,"Im Oktober/November 1956 startete Israel in Abstimmung mit Frankreich und Großbritannien die Operation Kadesch im Zuge der Sueskrise und der Invasion Ägyptens. Israelische Streitkräfte besetzten rasch den Gazastreifen und die Sinai-Halbinsel. Während der Besetzung Gazas führte die israelische Armee systematische „Überprüfungsoperationen“ durch, angeblich um ägyptische Soldaten und palästinensische Kämpfer (Fedajin) zu identifizieren, die nach Israel eingeschleust worden waren. Am 3. November 1956 führte die israelische Armee in Khan Yunis und dem dazugehörigen Flüchtlingslager Massenverhaftungen männlicher Bewohner durch. Im Zuge dieser Überprüfungen, der verhängten Ausgangssperren und willkürlicher Verhaftungen exekutierte israelisches Militärpersonal systematisch Zivilisten. Der UNRWA-Direktor für Gaza-Angelegenheiten erstellte detaillierte Opferlisten und berichtete der UN-Generalversammlung, dass 275 Männer in Khan Yunis und 111 im nahegelegenen Rafah getötet worden seien. Palästinensische Quellen dokumentierten 415 Tote und 57 Vermisste. Zu den Methoden gehörten Erschießungen während der Ausgangssperre, Hinrichtungen nach Überprüfungen und willkürliche Tötungen. Die Leichen wurden in Massengräbern verscharrt, auch auf den Straßen von Khan Yunis. Das UNRWA übermittelte Namen, Alter und Todesumstände der verifizierten Opfer. Trotz internationaler Dokumentation und UN-Berichten wurde kein israelisches Personal strafrechtlich verfolgt. Israel zog sich im März 1957 unter internationalem Druck, insbesondere seitens der Vereinigten Staaten und der Sowjetunion, aus dem Gazastreifen zurück.","Khan Yunis (Khān Yūnis), von Ägypten verwalteter Gazastreifen","Khan Yunis, Gazastreifen, Palästina; Großstadt; im Konflikt 2023–2024 schwer beschädigt.",Kriegsverbrechen; Verbrechen gegen die Menschlichkeit (UNRWA/UN GA Doc A/3512)
hist006,hist006,Massenverschiebung,"Sechstagekrieg (Israel gegen Ägypten, Jordanien, Syrien)","Der Sechstagekrieg brach am 5. Juni 1967 aus, als Israel ägyptische Flugplätze angriff und anschließend Bodenoperationen durchführte. Innerhalb von sechs Tagen besetzte Israel den ägyptisch kontrollierten Gazastreifen und die Sinai-Halbinsel, das jordanisch kontrollierte Westjordanland und Ostjerusalem sowie die syrischen Golanhöhen. Der rasche israelische Sieg veränderte den israelisch-palästinensischen Konflikt grundlegend, indem er das gesamte historische Palästina unter israelische Kontrolle brachte. Unmittelbar nach Kriegsende begann eine Massenvertreibung. Als die israelischen Streitkräfte ins Westjordanland vorrückten, breitete sich unter den Palästinensern, die sich an die Nakba von 1948 erinnerten, Panik aus. Schätzungen zufolge flohen oder wurden zwischen 280.000 (israelische Quellen) und über 400.000 (palästinensische und UN-Quellen) vertrieben. Etwa 175.000 von ihnen waren Flüchtlinge aus dem Jahr 1948, die nun ein zweites Mal vertrieben wurden. Die Vertreibung war nicht allein eine Folge der Kampfhandlungen – die israelischen Behörden erließen Militärbefehle, die die Rückkehr verhinderten, und zerstörten systematisch ganze Dörfer. Drei Dörfer in der Region Latrun (Imwas, Yalo und Beit Nuba) wurden von israelischen Streitkräften vollständig zerstört, ihre 10.000 Einwohner vertrieben. In der Jerusalemer Altstadt wurde das marokkanische Viertel wenige Tage nach der Besetzung dem Erdboden gleichgemacht, um einen Platz an der Klagemauer zu schaffen. Die Resolution 242 des UN-Sicherheitsrates forderte den „Rückzug der israelischen Streitkräfte aus den besetzten Gebieten“ und eine „gerechte Lösung der Flüchtlingsfrage“, doch Israel hält die Besatzung seit über 55 Jahren aufrecht. Die Vertreibung von 1967 und die darauffolgende Besetzung schufen den Rahmen für den aktuellen israelisch-palästinensischen Konflikt.","Westjordanland, Gazastreifen, Golanhöhen, Sinai-Halbinsel, Jordanisches Westjordanland, Ägyptischer Gazastreifen, Syrische Golanhöhen, Ägyptischer Sinai","Besetzte palästinensische Gebiete; annektierte Golanhöhen, Westjordanland und Gazastreifen seit 1967 unter israelischer Besatzung; Ostjerusalem annektiert; Golanhöhen 1981 annektiert; andauernde militärische Besetzung; die UN erkennt die Gebiete als besetzt an",Kriegsverbrechen; Verstöße gegen das humanitäre Völkerrecht; unrechtmäßige Besetzung (UNSC-Resolution 242)
hist007,hist007,Massaker,"Während der israelischen Besetzung Westbeiruts, Libanonkrieg","Das Massaker von Sabra und Schatila ereignete sich während Israels Invasion im Libanon 1982 („Operation Frieden für Galiläa“). Nach der Ermordung des libanesischen Präsidenten Bachir Gemayel am 14. September 1982 befahl der israelische Verteidigungsminister Ariel Scharon den israelischen Streitkräften, Westbeirut zu besetzen, angeblich um die Ordnung aufrechtzuerhalten. Am 16. September autorisierte Scharon libanesische Phalangistenmilizen, in die palästinensischen Flüchtlingslager Sabra und Schatila einzudringen, angeblich um die verbliebenen PLO-Kämpfer „auszuschalten“ – obwohl die PLO-Truppen die Lager bereits Wochen zuvor im Rahmen eines internationalen Abkommens verlassen hatten. Etwa 40 Stunden lang (16.–18. September) töteten Phalangistenmilizen systematisch palästinensische Zivilisten, darunter Frauen, Kinder und ältere Menschen. Israelische Streitkräfte umstellten die Lager, kontrollierten alle Ein- und Ausgänge, leisteten logistische Unterstützung und setzten die ganze Nacht über Leuchtraketen ein, sodass die Tötungen auch nach Einbruch der Dunkelheit fortgesetzt werden konnten. Israelische Kommandeure erhielten Berichte über Massaker an Zivilisten, griffen aber nicht ein. Zu den Methoden gehörten Erschießen, Messerstechereien, Enthauptungen und Verstümmelungen. Die Leichen wurden in Massengräbern verscharrt oder auf den Straßen liegen gelassen. Die genaue Zahl der Todesopfer ist weiterhin umstritten. Die offizielle libanesische Untersuchung dokumentierte etwa 800 Tote; der Palästinensische Rote Halbmond schätzte die Zahl auf 3.500; verschiedene internationale Quellen nennen 2.000 bis 3.500. Die israelische Kahan-Kommission untersuchte den Fall und befand Verteidigungsminister Sharon für das Massaker persönlich verantwortlich. Sie empfahl seine Absetzung. Sharon trat als Verteidigungsminister zurück, blieb aber ohne Geschäftsbereich im Kabinett und diente später als israelischer Ministerpräsident (2001–2006). Mehrere internationale Versuche, ihn strafrechtlich zu verfolgen, scheiterten.","Flüchtlingslager Sabra und Shatila, Beirut, Libanon (unter israelischer Militärkontrolle)","Sabra und Shatila, Beirut, Libanon; Lager existieren noch immer; Gedenkstätten wurden errichtet",Kriegsverbrechen; Verbrechen gegen die Menschlichkeit; Völkermord (UNSC-Resolution 521; Kahan-Kommission)
hist008,hist008,Massenhafte Opferzahlen / Aufstand,Palästinensischer Aufstand gegen 20-jährige israelische Besatzung,"Am 8. Dezember 1987 kollidierte ein israelischer Armeelastwagen am Kontrollpunkt Erez im Gazastreifen mit zivilen Fahrzeugen. Dabei starben vier palästinensische Arbeiter aus dem Flüchtlingslager Jabalia. Die Palästinenser vermuteten, es handele sich um eine gezielte Vergeltungsaktion für den Tod eines Israelis, der zwei Tage zuvor in Gaza erstochen worden war. Am folgenden Tag, dem 9. Dezember, brachen in Jabalia Massenproteste aus. Als der 17-jährige Hatem al-Sisi von israelischen Soldaten erschossen wurde, breitete sich der Aufstand innerhalb weniger Tage in Gaza, Ostjerusalem und dem Westjordanland aus. Was als spontane Proteste begonnen hatte, entwickelte sich zu einem organisierten, anhaltenden zivilen Widerstand, koordiniert von Basiskomitees und später von der Vereinten Nationalen Führung des Aufstands (UNLU). Die Intifada war geprägt von weitgehend gewaltlosen Taktiken: Generalstreiks, Steuerverweigerung, Boykott israelischer Produkte und ziviler Ungehorsam. Palästinensische Jugendliche konfrontierten israelische Soldaten mit Steinen und Molotowcocktails. Die israelische Reaktion war brutal. Verteidigungsminister Jitzchak Rabin befahl den Einsatz von Gewalt und Schlägen sowie das Brechen von Knochen bei Demonstranten. Soldaten schlugen systematisch auf Protestierende ein, feuerten mit scharfer Munition auf Steinewerfer und setzten massiv Tränengas ein. Allein im ersten Jahr töteten israelische Streitkräfte mindestens 300 Palästinenser und verletzten Zehntausende. Bis 1990 stieg die Zahl der Todesopfer auf über 1.000. Der Aufstand forderte einen enormen Blutzoll: 1.087 bis 1.284 getötete Palästinenser (darunter 241 bis 332 Kinder), über 120.000 Verletzte, etwa 20.000 Verhaftete allein im ersten Jahr (Schätzungen gehen von insgesamt 120.000 Verhafteten über sechs Jahre aus), 2.532 zerstörte Häuser und 481 deportierte Palästinenser. Etwa 160 bis 200 Israelis (Soldaten und Zivilisten) wurden im gleichen Zeitraum getötet. Die internationale Verurteilung ließ nicht lange auf sich warten – der UN-Sicherheitsrat verurteilte Israels Reaktion, und selbst die Reagan-Regierung kritisierte die „harten Sicherheitsmaßnahmen und den übermäßigen Einsatz von scharfer Munition“. Die Intifada erzwang die Anerkennung der palästinensischen nationalen Bestrebungen, führte zur Madrider Konferenz (1991) und zu geheimen Osloer Verhandlungen, die im September 1993 in den Oslo-Abkommen gipfelten, welche die Palästinensische Autonomiebehörde schufen und einen künftigen Staat versprachen – obwohl diese Versprechen auch über 30 Jahre später noch nicht eingelöst wurden.","Westjordanland, Gazastreifen, Ostjerusalem, seit 1967 von Israel besetzte palästinensische Gebiete","Besetzte palästinensische Gebiete, Westjordanland unter israelischer Militärbesatzung; Gazastreifen seit 2007 blockiert, andauernde Besatzung; die Erste Intifada führte zu den Oslo-Abkommen und zur Gründung der Palästinensischen Autonomiebehörde",Massenhafte Opferzahlen / Aufstand
hist009,hist009,Massaker / Massenerschießung,"Ramadan 1994, im Anschluss an die Oslo-Abkommen (September 1993)","Baruch Goldstein wurde 1956 als Benjamin Carl Goldstein in Brooklyn, New York, in eine orthodox-jüdische Familie geboren. In den 1970er Jahren gehörte er zu den Gründungsmitgliedern der Jewish Defense League (JDL), einer von Rabbi Meir Kahane gegründeten militanten Organisation. Nach seinem Abschluss am Albert Einstein College of Medicine der Yeshiva University emigrierte Goldstein 1983 nach Israel. Er diente als Arzt in den israelischen Streitkräften und ließ sich später in Kiryat Arba nieder, einer Siedlung von Extremisten in der Nähe von Hebron. Goldstein war aktives Mitglied von Kach, Kahanes ultranationalistischer Partei, und kandidierte 1984 auf deren Liste für die Knesset-Wahlen. Laut israelischen Medienberichten weigerte sich Goldstein, Araber zu behandeln, selbst arabische Soldaten der israelischen Streitkräfte, da er die Behandlung von Nichtjuden als Verstoß gegen das jüdische Religionsgesetz ansah. Er verglich Israels Demokratie mit dem Nationalsozialismus und trug aus Protest einen gelben Stern mit der Aufschrift „JUDE“. In den Wochen vor dem Massaker äußerte Goldstein bedrohliche Äußerungen und war in gewalttätige Vorfälle in der Moschee verwickelt, unter anderem durch das Übergießen von Teppichen mit Säure. Die palästinensischen Behörden warnten Premierminister Rabin in einem Brief vor Goldsteins gefährlichem Verhalten, doch es wurden keine Maßnahmen ergriffen. Am Morgen des 25. Februar 1994, dem 15. Tag des Ramadan, bemerkten Gläubige die ungewöhnliche Abwesenheit israelischer Soldaten an ihren üblichen Positionen rund um die Ibrahimi-Moschee, trotz der Spannungen am Vorabend. Gegen 5:30 Uhr, als Imam Khalil Muhsen Jabari Hunderte zum Fajr-Gebet (Morgengebet) leitete, betrat Goldstein die Isaak-Halle – den Hauptgebetsraum – in seiner Uniform der israelischen Verteidigungsreserve und bewaffnet mit einem Galil-Sturmgewehr und einer Pistole. Er positionierte sich hinter einer Säule im hinteren Teil der Halle. Als die Gläubigen sich niederwarfen (Sujud-Position), eröffnete Goldstein das Feuer. Er lud mehrmals nach und erschoss systematisch die gefangenen und wehrlosen Gläubigen. Überlebende berichten, dass die Schießerei zehn Minuten andauerte. Einige Augenzeugen behaupteten, weitere Bewaffnete gesehen zu haben, was israelische Ermittlungen jedoch dementierten. Als die Gläubigen Goldstein schließlich überwältigten, schlugen sie ihn zu Tode. Zu diesem Zeitpunkt lagen bereits 29 Palästinenser tot am Boden – darunter Kinder im Alter von nur elf Jahren – und 125 waren verletzt. Das Grauen endete nicht mit der Schießerei. Israelische Soldaten, die sich in der Moschee befanden, schlossen die Tore und schlossen die Überlebenden mit den Toten und Verwundeten ein, sodass keine medizinische Hilfe eintreffen konnte. Als die Tore schließlich geöffnet wurden, eröffneten israelische Streitkräfte das Feuer auf die Demonstranten vor dem Gebäude und töteten weitere Palästinenser. In den folgenden drei Wochen, als sich die Nachricht von dem Massaker verbreitete, kam es in Hebron und im Westjordanland zu palästinensischen Unruhen. Israelische Streitkräfte töteten bei diesen Protesten mindestens 25 weitere Palästinenser, auch bei den Beerdigungen der Opfer. Die Gesamtzahl der Todesopfer erreichte 50 bis 60. Israels Reaktion darauf war, die Opfer zu bestrafen: eine sechsmonatige Abriegelung Hebrons; die Einsetzung der einseitigen Schamgar-Kommission, deren Empfehlungen allesamt die Siedler begünstigten; Die Teilung der Ibrahimi-Moschee, wobei 60 % den Juden (die nur 0,003 % der Bevölkerung Hebrons ausmachten) zugesprochen wurden; die Schließung von 520 Betrieben und 1.800 Geschäften in der Altstadt; die Abriegelung der Shuhada-Straße (der Hauptgeschäftsstraße); und ein Netz von Militärkontrollpunkten, das das Leben der Palästinenser erstickte. Das Massaker erreichte Goldsteins Ziel: Es verhinderte zwar nicht das Oslo-Abkommen, verwandelte Hebron aber in eine Stadt, die wie gelähmt war, die Altstadt in eine Geisterstadt, die palästinensische Bevölkerung täglichen Demütigungen ausgesetzt, während einige hundert extremistische Siedler unter schwerem Militärschutz lebten.","Al-Ibrahimi-Moschee (Höhle der Patriarchen), Hebron, Westjordanland, israelisch besetztes Westjordanland; Hebron unter israelischer Militärkontrolle (H2-Gebiet)","Die Altstadt von Hebron im Westjordanland (H2-Gebiet) steht seit dem Hebron-Protokoll von 1997 unter vollständiger israelischer Militärkontrolle. Die Ibrahimi-Moschee ist seit dem Massaker zu 60 % für Juden und zu 40 % für Muslime aufgeteilt. Die Altstadt ist durch Checkpoints, Abriegelungen und Siedlergewalt stark eingeschränkt.",Kriegsverbrechen; Verbrechen gegen die Menschlichkeit; Staatenverantwortung (UNSC-Resolution 904)
hist010,hist010,Bewaffneter Aufstand / Massenhafte Opfer,Scheitern der Camp-David-Friedensgespräche; Ariel Sharons provokanter Besuch auf dem Tempelberg,"Auslöser der Zweiten Intifada war Ariel Sharons Besuch des Tempelbergs/Haram al-Sharif am 28. September 2000 in Begleitung von 1.000 israelischen Polizisten. Die Palästinenser werteten dies als bewusste Provokation an einem der heiligsten Orte des Islam durch eine Person, die sie mit Massakern der Vergangenheit (Sabra und Schatila 1982, Qibya 1953) in Verbindung brachten. Unmittelbar brachen Proteste aus. Am darauffolgenden Tag, dem 29. September (einem Freitag), eröffnete die israelische Polizei nach dem Gebet in der Al-Aqsa-Moschee das Feuer auf palästinensische Demonstranten. Sieben Menschen starben, über 300 wurden verletzt. Bis zum 1. Oktober hatte sich die Gewalt in den besetzten Gebieten und in Israel ausgebreitet. Dreizehn palästinensische Staatsbürger Israels wurden bei Protesten innerhalb Israels von der israelischen Polizei erschossen. Innerhalb von zwei Wochen kamen 100 Palästinenser und 10 Israelis ums Leben. Die tieferen Ursachen des Aufstands lagen im Scheitern des Oslo-Friedensprozesses: Sieben Jahre nach Oslo lebten die Palästinenser weiterhin unter Besatzung, die Siedlungen hatten sich verdoppelt, die Bewegungseinschränkungen hatten zugenommen, und die Selbstbestimmung eines Staates schien ferner denn je. Anders als die Steinwürfe und der zivile Ungehorsam der Ersten Intifada eskalierte die Zweite Intifada rasch zu einem bewaffneten Konflikt. Palästinensische militante Gruppen – Hamas, Islamischer Dschihad, Al-Aqsa-Märtyrerbrigaden (mit der Fatah verbunden) und PFLP – verübten verheerende Selbstmordattentate auf israelische Zivilisten in Bussen, Restaurants, auf Märkten und in Nachtclubs. Der Höhepunkt wurde im März 2002 mit dem Massaker im Park Hotel in Netanya während des Pessachfestes erreicht (30 Tote), was Israels großangelegte Operation „Schutzschild“ auslöste. Israel reagierte mit überwältigender militärischer Gewalt: Kampfhubschrauber, F-16-Kampfjets, Panzer und Bulldozer wurden in dicht besiedelten palästinensischen Gebieten eingesetzt. Gezielte Angriffe mit Hubschrauberraketen töteten oft Unbeteiligte. Ganze Städte wurden monatelang unter Ausgangssperre gestellt. Die Belagerung des Flüchtlingslagers Jenin im Jahr 2002 wurde zum Symbol: Israelische Streitkräfte zerstörten über 140 Gebäude, töteten 52 Palästinenser (darunter 23 Zivilisten) und sahen sich internationalen Vorwürfen von Kriegsverbrechen ausgesetzt. Bis zum Ende der Zweiten Intifada Ende 2005 waren die Folgen katastrophal: 3.223–4.789 getötete Palästinenser (darunter über 700 Kinder, 47 % Zivilisten); 1.024–1.100 getötete Israelis (darunter über 300 Kinder, 64 % Zivilisten); über 45.000 verletzte Palästinenser; über 7.500 verletzte Israelis; etwa 40.000–50.000 inhaftierte Palästinenser; und massive Zerstörung der Infrastruktur. Israel zog sich im August 2005 einseitig aus dem Gazastreifen zurück und beschleunigte gleichzeitig den Siedlungsbau im Westjordanland. Die Trennmauer wurde errichtet – vom Internationalen Gerichtshof für illegal erklärt – und konfiszierte Tausende Hektar palästinensischen Landes. Die Zweite Intifada zerstörte die letzten Reste des Friedensprozesses, verfestigte die Besatzung, stärkte die Hamas und führte zur Belagerung des Gazastreifens. Sie etablierte Muster, die bis heute fortbestehen: Palästinensischer Widerstand wird mit unverhältnismäßiger israelischer Gewalt beantwortet; Selbstmordattentate werden als Rechtfertigung für Kollektivstrafen genutzt; ein ausgehandelter Frieden gilt als unmöglich. Die menschlichen Kosten waren auf beiden Seiten immens, doch das politische Ergebnis war eindeutig: Die israelische Kontrolle vertiefte sich, während die palästinensische Freiheit weiter eingeschränkt wurde.","Westjordanland, Gazastreifen, Israel, israelisch besetzte palästinensische Gebiete und Israel selbst","Besetzte palästinensische Gebiete und Israel, Westjordanland unter israelischer Militärbesatzung mit eingeschränkter Kontrolle durch die Palästinensische Autonomiebehörde; Gazastreifen unter Blockade; die Zweite Intifada führte 2005 zum israelischen Rückzug aus Gaza, zum Bau der Sperranlage und zum Scheitern des Friedensprozesses",Kriegsverbrechen; Verstöße gegen das humanitäre Völkerrecht (UN-Sonderberichterstatter; Human Rights Watch; Amnesty International)
hist011,hist011,Militäroperation / Stadtkrieg,Teil der Operation Defensive Shield; Reaktion auf das Massaker zu Pessach (27. März 2002),"Das Flüchtlingslager Jenin wurde 1953 errichtet, um Palästinenser aufzunehmen, die während der Nakba 1948, vorwiegend aus Haifa und umliegenden Dörfern, vertrieben worden waren. Im Jahr 2002 lebten etwa 14.000 Flüchtlinge in dem dicht besiedelten Lager auf einer Fläche von nur einem Quadratkilometer. Gemäß den Oslo-Abkommen fiel Jenin 1995 vollständig an die Palästinensische Autonomiebehörde (Gebiet A). Während der Zweiten Intifada entwickelte sich das Lager jedoch zu einer Hochburg palästinensischer militanter Gruppen. Laut israelischen und palästinensischen Quellen operierten schätzungsweise 80 bis 100 bewaffnete Kämpfer der Hamas, des Islamischen Dschihad, der Al-Aqsa-Märtyrerbrigaden und von Tanzim aus dem Lager. Israel behauptete, dass zwischen Oktober 2000 und April 2002 28 Selbstmordattentate von Jenin aus geplant und verübt wurden. Nach dem verheerenden Massaker im Park Hotel in Netanja am 27. März 2002, bei dem 30 israelische Zivilisten getötet wurden, startete die israelische Regierung die Operation Schutzschild – die größte Militäroperation im Westjordanland seit 1967. Das Flüchtlingslager Jenin wurde als Hauptziel auserkoren. Am 3. April 2002 umzingelten etwa 200 israelische Panzer das Lager. Apache-Hubschrauber und F-16-Kampfjets leisteten Luftunterstützung. Das erklärte Ziel der israelischen Streitkräfte (IDF) war die „Zerstörung der operativen Infrastruktur militanter Organisationen“ und die Gefangennahme oder Tötung der Verantwortlichen für Selbstmordattentate. Palästinensische Militante hatten den Angriff erwartet und die Verteidigung des Lagers umfassend vorbereitet: Sie platzierten Dutzende Sprengladungen in Wasserleitungen, Küchenschränken, Hauseingängen und auf den Straßen; legten im gesamten Lager Sprengfallen aus; befestigten Stellungen in Gebäuden und bereiteten Hinterhalte vor. Die IDF begann mit Hausdurchsuchungen und rückte langsam durch enge Gassen vor. Am 9. April, dem sechsten Tag der Operation, wurden 13 israelische Soldaten in einem verheerenden Hinterhalt getötet. Palästinensische Kämpfer lockten eine IDF-Einheit in eine enge Gasse und zündeten dort Sprengstoff, wodurch Gebäude über den Soldaten einstürzten. Dies war der verlustreichste Einzelvorfall für die IDF während der gesamten Zweiten Intifada. Nach diesem katastrophalen Verlust änderte die israelische Militärtaktik ihre Strategie grundlegend. Im Anschluss an den Hinterhalt vom 9. April setzte die IDF massive, in den USA hergestellte Caterpillar D-9-Panzerbulldozer ein – 60 Tonnen schwere Maschinen mit Panzerplatten, die mehrstöckige Gebäude innerhalb von Minuten dem Erdboden gleichmachen konnten. Anstatt die gefährlichen Häuserkämpfe fortzusetzen, begannen die Bulldozer systematisch Gebäude zu zerstören, um breite Zufahrtswege für Panzer zu schaffen und potenzielle Hinterhaltspunkte zu eliminieren. Ermittler von Human Rights Watch dokumentierten, dass Bulldozer über 140 Gebäude zerstörten und damit etwa 10 % der gesamten Lagerbestände vernichteten. Viele Gebäude wurden zerstört, während Familien darin eingeschlossen waren – einige Bewohner wurden erdrückt, andere lebendig unter den Trümmern begraben. Die israelischen Streitkräfte verhängten eine totale Belagerung: Niemand durfte hinein oder hinaus; die medizinische Versorgung war elf Tage lang (4.–15. April) blockiert; Krankenwagen wurden beschossen; Wasser und Strom wurden abgestellt; Lebensmittel wurden nicht eingeführt. Farwa Jammal, eine 27-jährige Krankenschwester in Uniform, wurde von israelischen Soldaten erschossen, als sie einen verletzten Zivilisten behandelte. Mindestens zwei verletzte Zivilisten starben, weil israelische Soldaten über 36 Stunden lang Krankenwagen daran hinderten, sie zu erreichen. Als die Ermittler von Human Rights Watch am 19. April endlich Zugang erhielten, fanden sie ein Bild massiver Zerstörung vor: ganze Stadtviertel lagen in Trümmern, Leichen waren noch immer unter eingestürzten Gebäuden begraben, und es gab Beweise für vorsätzliche Tötungen. Ihr 52-seitiger Bericht kam zu dem Schluss: „Die israelischen Streitkräfte haben schwere Verstöße gegen das humanitäre Völkerrecht begangen, von denen einige dem Anschein nach Kriegsverbrechen darstellen.“ Die Vereinten Nationen versuchten, eine Untersuchung einzuleiten, doch Israel blockierte die Untersuchungskommission. Endgültige Bilanz: 52 getötete Palästinenser (22 Zivilisten – darunter ein 14-jähriger Junge, ein an den Rollstuhl gefesselter älterer Mann und Frauen), 23 getötete israelische Soldaten, über 140 zerstörte Gebäude, 4.000 Menschen obdachlos.","Flüchtlingslager Jenin, Jenin, Westjordanland, Palästinensisches Autonomiegebiet A (vollständige palästinensische Kontrolle bis zur Wiederbesetzung)","Flüchtlingslager Jenin im Westjordanland unter israelischer Militärbesatzung; die Palästinensische Autonomiebehörde übt nur eingeschränkte Sicherheitskontrolle aus; das Lager wurde wiederaufgebaut, bleibt aber ein Brennpunkt; häufige israelische Militärrazzien; Ort anhaltender Gewalt",Kriegsverbrechen (HRW prima facie); Verstöße gegen das humanitäre Völkerrecht
hist012,hist012,Militäroperation,22-tägige israelische Militäroperation im Gazastreifen,"Die Operation Gegossenes Blei begann am 27. Dezember 2008 um 11:30 Uhr, als israelische F-16-Kampfjets und Apache-Hubschrauber innerhalb von 220 Sekunden gleichzeitig über 100 vorab geplante Ziele im Gazastreifen angriffen. Die ersten Angriffe trafen Polizeistationen – darunter auch während einer Abschlussfeier für neue Beamte, bei der 99 Polizisten getötet wurden –, Regierungsgebäude und die Infrastruktur der Hamas. Bis zum Ende des ersten Tages waren mindestens 230 Palästinenser getötet worden. Die Luftangriffe dauerten sieben Tage an, bevor israelische Bodentruppen am 3. Januar 2009 von Norden und Osten her in den Gazastreifen einmarschierten. Die Marine beschoss gleichzeitig von der Küste aus. Über 22 Tage hinweg führten die israelischen Streitkräfte einen Angriff durch, den die UN-Untersuchung als bewusst unverhältnismäßig und darauf ausgerichtet bezeichnete, die Zivilbevölkerung zu bestrafen, zu demütigen und zu terrorisieren. Die Operation umfasste die großflächige Zerstörung ziviler Infrastruktur, darunter Krankenhäuser, Schulen, Moscheen, Einrichtungen der Vereinten Nationen, Wasserversorgungsanlagen und Kläranlagen. Mehrere von der UN-Mission und Menschenrechtsorganisationen dokumentierte Vorfälle offenbarten systematische Menschenrechtsverletzungen: das Massaker an der Familie Samouni, bei dem Soldaten etwa 100 Zivilisten in ein Gebäude zwangen und es anschließend beschossen, wobei 21 Menschen getötet wurden; der Luftangriff auf die Familie Al-Daya, bei dem 22 Zivilisten ums Leben kamen; mehrere Fälle, in denen Soldaten auf Zivilisten mit weißen Fahnen schossen; und der umfangreiche Einsatz von Weißphosphormunition in dicht besiedelten Gebieten. Das Palästinensische Zentrum für Menschenrechte dokumentierte 1.419 palästinensische Todesopfer, darunter 1.167 Zivilisten, während B’Tselem 1.385 Tote meldete, darunter 762 Nichtkombattanten und 318 Minderjährige.","Gazastreifen, Gaza, Hamas-regierter Gazastreifen seit 2007 unter israelischer Blockade","Gazastreifen, unter israelischer Blockade und Besatzung; regiert von der Hamas; andauernde Blockade seit 2007; Wiederaufbau unvollständig",Kriegsverbrechen; Verbrechen gegen die Menschlichkeit (UN-Goldstone-Bericht)
hist013,hist013,"Militäroperation, Luftangriffe, zivile Opfer",Eskalation nach gezielter Tötung eines Hamas-Militärkommandanten,"Am 14. November 2012, gegen 15:45 Uhr, tötete die israelische Luftwaffe Ahmed al-Jabari, den Chef des militärischen Arms der Hamas, und leitete damit die Operation „Säule der Verteidigung“ ein. Innerhalb von acht Tagen griff die israelische Armee rund 1.500 Ziele im Gazastreifen an, darunter unterirdische Raketenwerfer, Waffenschmuggeltunnel, Waffenlager und Wohnhäuser von Hamas-Funktionären. Anders als bei der Operation „Gegossenes Blei“ (2008–2009) kam es zu keiner Bodenoffensive. Laut den im Mai 2013 veröffentlichten Felduntersuchungen von B’Tselem wurden bei der Operation 167 Palästinenser getötet: mindestens 87 Zivilisten (52 %), die nicht an den Kampfhandlungen beteiligt waren, darunter 32 Kinder; 62 Kämpfer; 7 Opfer gezielter Tötungen; und 11 Personen mit unbekanntem Status. Der UN-Schutzcluster dokumentierte über 11.100 Verletzte, darunter 3.374 Kinder. Eine Analyse zeigt, dass 80 % der zivilen Todesopfer in den letzten vier Tagen zu beklagen waren, als sich das Verhältnis von zivilen zu militärischen Opfern deutlich umkehrte. Sechs Israelis starben durch palästinensischen Raketenbeschuss: vier Zivilisten und zwei Angehörige der Sicherheitskräfte. Palästinensische Gruppen feuerten 1.667 Raketen auf Israel ab (Angaben des israelischen Inlandsgeheimdienstes ISA); 436 davon wurden vom Raketenabwehrsystem Iron Dome abgefangen. Die Hamas exekutierte zudem mindestens sechs bis sieben Palästinenser, die der Kollaboration während der Operation beschuldigt wurden. B’Tselem untersuchte neun konkrete Vorfälle, die den Verdacht schwerwiegender Verstöße gegen das humanitäre Völkerrecht nahelegten, darunter Angriffe auf Kinder, die auf Feldern arbeiteten, auf Familien in ihren Häusern ohne Vorwarnung und auf Zivilisten während des Besuchs arabischer Außenminister. Der Sprecher der israelischen Streitkräfte räumte zunächst einen wahrscheinlichen Fehler bei dem Angriff ein, bei dem zwölf Mitglieder der Familie al-Dalu getötet wurden. Das israelische Militärkommando (MAG) stellte das Verfahren jedoch später ohne Anklageerhebung ein.","Gazastreifen, palästinensisches Gebiet, das seit 2007 unter israelischer Blockade steht und von der Hamas regiert wird.","Gazastreifen; palästinensisches Gebiet, seit 1967 von Israel besetzt, seit 2007 von der Hamas regiert; unter Blockade; wiederkehrenden israelischen Militäroperationen ausgesetzt",Kriegsverbrechen; Verstöße gegen das humanitäre Völkerrecht (B'Tselem-Bericht vom Mai 2013)
hist014,hist014,Militäroperation,51-tägige israelische Militäroperation im Gazastreifen; tödlichster Gaza-Konflikt,"Die Operation Protective Edge begann am 7. Juli 2014, vordergründig als Reaktion auf den eskalierenden Raketenbeschuss aus dem Gazastreifen, tatsächlich aber vor dem Hintergrund verschärfter Spannungen nach der Entführung und Ermordung dreier israelischer Jugendlicher im Westjordanland im Juni. Israel startete massive Luftangriffe im Gazastreifen und flog innerhalb von 51 Tagen über 6.000 Luftangriffe. Die Operation gliederte sich in drei Phasen: eine erste Woche intensiver Luftbombardements, eine Bodenoffensive ab dem 17. Juli zur Zerstörung der Grenztunnel und eine abschließende Phase ab dem 5. August, die durch abwechselnde Waffenstillstände und fortgesetzte Angriffe gekennzeichnet war. Die erklärten Ziele waren die Beendigung der Raketenangriffe und die Zerstörung der militärischen Infrastruktur und des Tunnelnetzes der Hamas. Die Zahl der Todesopfer war beispiellos. Die UN-Untersuchungskommission dokumentierte 2.251 palästinensische Tote, davon 1.462 Zivilisten – 65 % aller Todesopfer. Unter den Toten waren 551 Kinder und 299 Frauen. Ganze Familien wurden bei einzelnen Angriffen ausgelöscht: 18 Mitglieder der Familie Al-Batsh wurden am 13. Juli getötet, 17 Mitglieder der Familie Abu Jame am 20. Juli und 26 Mitglieder der Familie Al-Najjar ebenfalls am 20. Juli. Die Kommission untersuchte 15 Fälle von Angriffen auf Wohngebäude und stellte fest, dass es in vielen Fällen keine Beweise für ein legitimes militärisches Ziel gab oder die Angriffe grob unverhältnismäßig waren. B’Tselem dokumentierte 606 Angriffe auf Wohngebäude, bei denen 1.447 Zivilisten getötet wurden. Der Anteil der Frauen unter den zivilen Opfern (20,2 %) war deutlich höher als bei früheren Operationen. Mehrere Vorfälle stachen durch ihre Brutalität besonders hervor. Am 19. und 20. Juli starteten israelische Streitkräfte einen massiven Angriff auf Shuja’iya, eines der am dichtesten besiedelten Viertel im Gazastreifen. Über 100 Palästinenser wurden innerhalb von etwa 24 Stunden getötet, als die israelische Artillerie Tausende von Granaten in Wohngebiete abfeuerte. Zeugen berichteten, dass Zivilisten erschossen wurden, als sie mit weißen Fahnen zu fliehen versuchten. Am 1. August, nachdem ein israelischer Soldat in Rafah gefangen genommen worden war, berief sich Israel auf die Hannibal-Direktive – die den Einsatz massiver Gewalt ohne Rücksicht auf zivile Opfer vorsah. Innerhalb von drei Stunden feuerten israelische Streitkräfte über 1.000 Artilleriegranaten auf Rafah ab und töteten 130 bis 150 Palästinenser, überwiegend Zivilisten. Die UN bezeichnete dies als „moralische Schande und kriminellen Akt“. Auch die systematische Zerstörung der Infrastruktur im Gazastreifen war erschreckend: Das einzige Kraftwerk des Gazastreifens wurde zerstört, 18.000 Häuser dem Erdboden gleichgemacht, 89.000 beschädigt, 73 medizinische Einrichtungen angegriffen und 262 Schulen beschädigt. Die UN-Kommission kam zu dem Schluss, dass Beweise für schwere Verstöße gegen das humanitäre Völkerrecht vorliegen, die Kriegsverbrechen durch israelische Streitkräfte darstellen, darunter gezielte Angriffe auf Zivilisten und zivile Infrastruktur. Die Kommission stellte außerdem fest, dass palästinensische bewaffnete Gruppen durch wahllose Raketenangriffe und die außergerichtliche Hinrichtung von 21 mutmaßlichen Kollaborateuren Kriegsverbrechen begangen hatten. Auf israelischer Seite starben 73 Menschen: 67 Soldaten und 6 Zivilisten durch Raketen- und Mörserbeschuss.","Gazastreifen und Süd-Israel, der von der Hamas regierte Gazastreifen steht seit 2007 unter israelischer Blockade","Gazastreifen, unter israelischer Blockade; regiert von der Hamas; Wiederaufbau unvollständig; andauernde Blockade; Infrastruktur schwer beschädigt",Kriegsverbrechen; Verbrechen gegen die Menschlichkeit (UN-Untersuchungskommission 2015)
hist015,hist015,Massentötungen / Unterdrückung von Protesten,Wöchentliche Proteste am Grenzzaun zwischen Gaza und Israel fordern das Rückkehrrecht,"Der Große Rückkehrmarsch begann am 30. März 2018 – dem Tag des palästinensischen Bodens und dem 42. Jahrestag der Massenproteste gegen die israelische Landenteignung. Organisiert von unabhängigen Aktivisten, waren die Proteste als friedliche Demonstrationen geplant, um die internationale Aufmerksamkeit auf die humanitäre Krise im Gazastreifen, die Blockade und das Rückkehrrecht palästinensischer Flüchtlinge zu lenken. Entlang der östlichen Grenze des Gazastreifens, nur wenige hundert Meter vom Sperrzaun entfernt, wurden fünf Protestorte eingerichtet. Die Proteste sollten vom Tag des Bodens (30. März) bis zum Nakba-Tag (15. Mai) dauern, zogen sich aber über 21 Monate hin, bis die Hamas am 27. Dezember 2019 ihr Ende verkündete. Israels Reaktion war umgehend und tödlich. Die israelischen Streitkräfte stationierten Scharfschützen entlang des Zauns; die Einsatzregeln erlaubten den Einsatz von scharfer Munition gegen die Demonstranten. Am ersten Tag, dem 30. März 2018, töteten israelische Streitkräfte 18 Palästinenser und schossen auf über 700 weitere mit scharfer Munition. Der blutigste Tag war der 14. Mai 2018 – der Tag der offiziellen Eröffnung der US-Botschaft in Jerusalem –, als israelische Streitkräfte 60 Palästinenser töteten und über 1.100 weitere verletzten. Bis zum 31. Dezember 2018 hatten israelische Scharfschützen 6.106 Palästinenser mit scharfer Munition beschossen, 183 davon während offizieller Protesttage. 35 der Opfer waren Kinder, drei waren deutlich als Sanitäter gekennzeichnet und zwei als Journalisten. Weitere 3.098 Palästinenser wurden durch Splitter, Gummigeschosse oder Tränengas verletzt. Die UN-Untersuchungskommission untersuchte jeden einzelnen Todesfall an den ausgewiesenen Demonstrationsorten während der offiziellen Protesttage zwischen dem 30. März und dem 31. Dezember 2018. Die Kommissionsmitglieder werteten Videomaterial, Krankenakten und ballistische Gutachten aus und führten ausführliche Befragungen durch. Ihr Ergebnis war vernichtend: Mit Ausnahme von zwei Vorfällen sah die Kommission hinreichende Gründe für die Annahme, dass der Einsatz scharfer Munition rechtswidrig war. Die Opfer „nahmen weder direkt an den Kampfhandlungen teil noch stellten sie eine unmittelbare Bedrohung dar“, als sie erschossen wurden. Kommissarin Sara Hossain erklärte: „Es gibt keine Rechtfertigung dafür, Journalisten, Sanitäter und andere Personen zu töten und zu verletzen, die eindeutig keine unmittelbare Gefahr für Leib und Leben darstellten.“ Die Kommission kam zu dem Schluss, dass die festgestellten Verstöße Kriegsverbrechen oder Verbrechen gegen die Menschlichkeit darstellen könnten. Zu den prominenten Opfern zählten die 21-jährige Sanitäterin Razan al-Najjar, die trotz ihrer deutlich gekennzeichneten weißen Sanitätsweste bei der Behandlung verletzter Demonstranten erschossen wurde, und der Journalist Yaser Murtaja, der mit Presseausweis erschossen wurde. Bis zum Ende der Proteste im Dezember 2019 waren 223 Palästinenser getötet und 28.939 verletzt worden. Mindestens 122 Palästinenser, darunter 20 Kinder, mussten Gliedmaßen amputiert werden. Israel hat keine aussagekräftigen Ermittlungen durchgeführt; bis auf wenige Ausnahmen wurden alle Fälle ohne Anklageerhebung eingestellt.","Gazastreifen – Trennzaun zu Israel, Hamas-regierter Gazastreifen steht seit 2007 unter israelischer Blockade","Gazastreifen, unter israelischer Blockade; regiert von der Hamas; Blockade andauernd; Proteste endeten im Dezember 2019",Massentötungen / Unterdrückung von Protesten
hist016,hist016,Militäroperation,11-tägige israelische Militäroperation im Gazastreifen,"Die Eskalation, die zur Operation „Wächter der Mauern“ führte, hatte ihren Ursprung in Ereignissen in Jerusalem. Während des Ramadan 2021 errichtete die israelische Polizei Barrikaden, um Palästinenser daran zu hindern, sich am Damaskustor – einem traditionellen Versammlungsort – zu versammeln, und unterdrückte Proteste gewaltsam. Gleichzeitig trieben israelische Gerichte Räumungsverfahren gegen palästinensische Familien im ostjerusalemer Viertel Scheich Dscharra voran, um Platz für jüdische Siedler zu schaffen. Am 7. Mai wurden Hunderte von Palästinensern verletzt, als die israelische Polizei während des Gebets das Gelände der Al-Aqsa-Moschee stürmte und in der Moschee selbst Gummigeschosse, Blendgranaten und Tränengas einsetzte. Die internationale Verurteilung erfolgte umgehend, doch am 10. Mai – Lailat al-Qadr, der heiligsten Nacht des Ramadan – stürmte die israelische Polizei erneut die Al-Aqsa-Moschee und verletzte über 300 Palästinenser. Die Hamas stellte ein Ultimatum und forderte den Rückzug der israelischen Streitkräfte aus der Al-Aqsa-Moschee und aus Scheich Dscharra bis 18 Uhr. Als Israel sich weigerte, feuerten Hamas und der Palästinensische Islamische Dschihad um 18:05 Uhr Raketen auf Jerusalem ab und markierten damit den Beginn des Konflikts. Israels Reaktion erfolgte umgehend und mit verheerender Wucht. Innerhalb weniger Stunden griffen israelische Kampfflugzeuge über 130 Ziele im Gazastreifen an. In den folgenden elf Tagen führte die israelische Armee mehr als 1.500 Luftangriffe durch, während palästinensische bewaffnete Gruppen 4.360 Raketen und Mörsergranaten auf Israel abfeuerten – das Raketenabwehrsystem Iron Dome fing etwa 90 % der Geschosse ab, die auf bewohnte Gebiete gerichtet waren. Am ersten Tag ereignete sich der Angriff der Familie al-Masri in Beit Hanoun, bei dem eine Rakete acht Zivilisten, darunter sechs Kinder, die Gerste für Tierfutter verpackten, tötete. Israel behauptete, es habe sich um eine fehlgeleitete palästinensische Rakete gehandelt, doch die Untersuchung von Human Rights Watch ergab Beweise für eine Lenkrakete und kein militärisches Ziel. Der tödlichste Einzelvorfall ereignete sich am 16. Mai, als israelische Streitkräfte einen vierminütigen Angriff auf die al-Wahda-Straße im Zentrum von Gaza-Stadt starteten, bei dem drei mehrstöckige Wohnhäuser einstürzten. Vierundvierzig Zivilisten, darunter 18 Kinder, wurden getötet. HRW stellte fest, dass die Gebäude einstürzten, nachdem Raketen die angrenzende Straße oder den Gehweg getroffen hatten – es gab keine erkennbaren militärischen Ziele. Die Operation fand vor dem Hintergrund der 14-jährigen israelischen Blockade des Gazastreifens und der systematischen Diskriminierung der Palästinenser statt, die Human Rights Watch erst einen Monat zuvor, im April 2021, als Apartheid bezeichnet hatte. In dem elftägigen Konflikt starben 260 Palästinenser (laut UN/HRW 129 Zivilisten, Israel behauptete jedoch, die meisten seien Kämpfer gewesen). Dreizehn Israelis starben, darunter zwölf Zivilisten durch Raketenbeschuss. Human Rights Watch führte eingehende Untersuchungen zu drei israelischen Angriffen durch, bei denen insgesamt 62 palästinensische Zivilisten getötet wurden, und fand „keine erkennbaren militärischen Ziele in der Nähe“ der Angriffe – was offensichtliche Kriegsverbrechen darstellt. Ein dritter Vorfall, den HRW untersuchte, war die Bombardierung eines Gebäudes im Flüchtlingslager Shati am 15. Mai, bei der zehn Menschen (acht Kinder, zwei Frauen) getötet wurden. Israel behauptete, hochrangige Hamas-Funktionäre würden sich dort verstecken, doch Human Rights Watch fand keine Beweise für militärische Ziele. Der Bericht dokumentierte zudem, dass palästinensische bewaffnete Gruppen durch wahllosen Raketenbeschuss israelischer Siedlungsgebiete Kriegsverbrechen begingen. Die Operation endete am 21. Mai mit einem von Ägypten vermittelten Waffenstillstand, doch keine der beiden Seiten erreichte ihre strategischen Ziele, und die humanitäre Krise im Gazastreifen verschärfte sich erheblich.","Gazastreifen, Israel, Ostjerusalem, Westjordanland, Hamas-regierter Gazastreifen unter israelischer Blockade; Ostjerusalem und Westjordanland unter Besatzung","Gazastreifen, unter israelischer Blockade; regiert von der Hamas; Blockade andauernd; Wiederaufbau unvollständig",Militäroperation
hist017,hist017,Militärrazzien / Systematische Tötungen,Zweijährige Phase verstärkter israelischer Militäroperationen im Westjordanland,"Die Eskalation begann im Frühjahr 2022 nach einer Reihe von Angriffen palästinensischer Truppen in Israel, bei denen zwischen dem 22. März und dem 7. Mai 19 Israelis getötet wurden. Israel reagierte mit der „Operation Break the Wave“ – fast nächtlichen Militäreinsätzen in Städten und Flüchtlingslagern im Westjordanland, insbesondere in Jenin und Nablus. Diese Städte hatten sich mit dem Aufkommen von Gruppen wie den Jenin-Brigaden (gegründet im September 2021), der Löwenhöhle in Nablus und den Balata-Brigaden zu Zentren des erneuten bewaffneten palästinensischen Widerstands entwickelt. Die israelischen Operationen umfassten massive Truppenverlegungen, den Einsatz von Bulldozern zur Zerstörung von Infrastruktur und Straßen, den Einsatz von scharfer Munition in dicht besiedelten Gebieten und zunehmend auch Luftangriffe, einschließlich Drohnenangriffe. Bis Ende 2022 wurden 220 Palästinenser getötet, darunter 48 Kinder – die höchste jährliche Opferzahl seit dem Ende der Zweiten Intifada im Jahr 2005. Die Gewalt beschränkte sich nicht auf bewaffnete Auseinandersetzungen. Laut einer Analyse von Middle East Eye waren die meisten palästinensischen Opfer im Jahr 2022 zum Zeitpunkt ihres Todes wahrscheinlich unbewaffnet. Mindestens 95 Palästinenser wurden von israelischen Soldaten als Unbeteiligte bei Militärrazzien oder bei Demonstrationen gegen die Besatzung erschossen. Sieben Frauen und Mädchen kamen ums Leben, darunter die 15-jährige Jana Zakarneh, die zweimal ins Gesicht geschossen wurde, als sie mit ihrer Katze auf dem Dach ihres Hauses spielte, und die 15-jährige Fulla al-Masalma, die einen Tag vor ihrem Geburtstag getötet wurde. Der international bedeutendste Mord war der an Shireen Abu Akleh, der langjährigen palästinensischen Korrespondentin von Al Jazeera. Sie wurde am 11. Mai 2022 bei der Berichterstattung über eine Razzia in Jenin in den Kopf geschossen. Obwohl sie eine deutlich gekennzeichnete Presseweste trug und sich in der Nähe anderer Journalisten befand, wurde Abu Akleh von israelischem Feuer getötet. Die UN-Untersuchungskommission kam zu dem Schluss, dass israelische Streitkräfte „aufgrund hinreichender Gründe tödliche Gewalt ohne Rechtfertigung nach internationalem Menschenrechtsrecht anwendeten und Abu Aklehs Recht auf Leben vorsätzlich oder fahrlässig verletzten“. Die Gewalt verschärfte sich 2023 weiter. Im Januar wurden bei einem Angriff auf Jenin zehn Palästinenser getötet, darunter eine 61-jährige Frau, die aus ihrem Schlafzimmerfenster in den Hals geschossen wurde. Im Februar wurden in Nablus elf Palästinenser getötet, darunter Zivilisten, die auf der Flucht in den Rücken geschossen wurden. Im Juli führte Israel seine größte Operation im Westjordanland seit 20 Jahren durch – einen 14-stündigen Angriff auf das Flüchtlingslager Jenin mit Drohnen, Kampfhubschraubern und Hunderten von Soldaten. Dabei wurden zwölf Menschen getötet und 500 Familien zur Flucht gezwungen. Im Dezember 2023 erklärte Ärzte ohne Grenzen das Jahr mit 507 Toten, darunter 127 Kinder, zum „tödlichsten Jahr für Palästinenser im Westjordanland in der Geschichte“. Die UN-Kommission stellte fest, dass israelische Streitkräfte systematisch gegen internationales Recht verstoßen haben, indem sie Kampfregeln auf Situationen der Strafverfolgung anwandten, unverhältnismäßige Gewalt anwendeten, nicht zwischen Zivilisten und Kombattanten unterschieden, medizinische Versorgung behinderten und faktisch außergerichtliche Hinrichtungen durchführten. Gleichzeitig nahm die Gewalt der Siedler stark zu – die UN verzeichnete zwischen Oktober 2022 und Mai 2024 über 800 Angriffe von Siedlern auf Palästinenser, die häufig mit Duldung oder Beteiligung des israelischen Militärs stattfanden.","Westjordanland einschließlich Ostjerusalem, palästinensische Gebiete, die seit 1967 unter israelischer Militärbesatzung stehen","Westjordanland unter israelischer Militärbesatzung; Aufteilung in die Gebiete A, B und C gemäß den Oslo-Abkommen; andauernde Besatzung; die Gewalt hat deutlich zugenommen",Rechtswidrige Tötungen; unverhältnismäßige Gewaltanwendung
curr_001,curr_001,Angriff auf Krankenhaus,Aktueller Völkermord (2023 bis heute),"Explosion auf dem Gelände des Al-Ahli-Baptistenkrankenhauses, in dem Tausende vertriebene Palästinenser Zuflucht gesucht hatten. Zahlreiche Opfer im Krankenhaushof.","Al-Ahli Arab Hospital, Gaza-Stadt","Al-Ahli Arab Hospital, Gaza-Stadt",
curr_002,curr_002,Angriff auf Flüchtlingslager,Aktueller Völkermord (2023 bis heute),"Massiver Luftangriff auf das dicht besiedelte Flüchtlingslager Jabalia. Ganze Wohnblöcke zerstört. Israel gab zu, einen Hamas-Kommandeur ins Visier genommen zu haben.","Flüchtlingslager Jabalia, Nord-Gaza","Flüchtlingslager Jabalia, Nord-Gaza",
curr_003,curr_003,Massaker,Aktueller Völkermord (2023 bis heute),"Israelische Streitkräfte eröffneten das Feuer auf Palästinenser, die auf die Verteilung von Nahrungsmittelhilfe warteten. Hunderte Zivilisten wurden getötet und verletzt, als sie versuchten, Mehl zu erhalten.","Al-Rashid-Straße, Gaza-Stadt","Al-Rashid-Straße, Gaza-Stadt",
curr_004,curr_004,Angriff auf geschützte Websites,Aktueller Völkermord (2023 bis heute),"Eine Reihe von Angriffen auf UNRWA-Schulen, die als Zufluchtsorte für vertriebene Palästinenser dienen, hat mehrere Schulen getroffen. Trotz der Koordination der UN mit den israelischen Streitkräften wurden mehrere Schulen angegriffen.",Mehrere UNRWA-Schulen im Gazastreifen,Mehrere UNRWA-Schulen im Gazastreifen,
curr_005,curr_005,Massengräber,Aktueller Völkermord (2023 bis heute),"Nach dem israelischen Rückzug wurden im Nasser-Krankenhaus Massengräber entdeckt. Die Leichen waren mit gefesselten Händen gefunden worden, ein Hinweis auf Hinrichtungen. Einige Leichen wurden von israelischen Streitkräften aus dem Krankenhaus geborgen.","Nasser-Medizinkomplex, Khan Yunis","Nasser-Medizinkomplex, Khan Yunis",
curr_006,curr_006,Krankenhausbelagerung,Aktueller Völkermord (2023 bis heute),Israelische Streitkräfte belagerten das größte Krankenhaus im Gazastreifen und kappten die Strom- und Wasserversorgung. Patienten starben aufgrund mangelnder medizinischer Versorgung. Das Krankenhaus wurde trotz seines völkerrechtlichen Schutzes gestürmt.,"Al-Shifa-Krankenhaus, Gaza-Stadt","Al-Shifa-Krankenhaus, Gaza-Stadt",
curr_007,curr_007,Massaker,Aktueller Völkermord (2023 bis heute),"Bei einem israelischen Luftangriff auf ein Zeltlager vertriebener Palästinenser in Rafah verbrannten viele Opfer in ihren Zelten. Israel behauptete, Hamas-Kämpfer ins Visier genommen zu haben.",Flüchtlingslager Rafah,Flüchtlingslager Rafah,
curr_008,curr_008,Tötung von Helfern,Aktueller Völkermord (2023 bis heute),Israelische Streitkräfte griffen in drei aufeinanderfolgenden Angriffen auf deutlich gekennzeichnete Fahrzeuge sieben Mitarbeiter der Hilfsorganisation World Central Kitchen an und töteten sie. Es folgte ein internationaler Aufschrei.,"Deir al-Balah, Zentral-Gaza","Deir al-Balah, Zentral-Gaza",
curr_009,curr_009,Stadtzerstörung,Aktueller Völkermord (2023 bis heute),Systematische Zerstörung ganzer Stadtviertel in Gaza-Stadt. Tausende Gebäude wurden dem Erdboden gleichgemacht. Massenhafte Vertreibung der Bevölkerung.,Gaza-Stadt,Gaza-Stadt,
curr_010,curr_010,Hungerkrieg,Aktueller Völkermord (2023 bis heute),"Vollständige Blockade des nördlichen Gazastreifens, einschließlich Jabalia, Beit Hanoun und Beit Lahiya. Essen, Wasser und medizinische Versorgung sind nicht gestattet. Einsatz von Hunger als Methode der Kriegsführung.  ",Nördlicher Gazastreifen,Nördlicher Gazastreifen,
