incident_id,facility_id,facility_name,starting_date,ending_date,attack_type,result,description,full_discription,source_url_1,source_url_2,archived_resources,has_image,image_url,archived_image,video_url,archived_video,civilians_killed,civilians_injured,hw_killed,hw_injured,added_by,reviewed_by,,submission_id,added_by,reviewed_by
INC-000,FAC-005,Al-Tabaeen School,18/03/2025 02:00,,Direct Strike,Multiple strikes targeted the school at arround 02:00 in the morning which caused the death of 30 Palestinians according to witnesse,"According to OCHA Israeli airstrikes and bombardment were reported across the Gaza Strip, resulting in civilian casualties, displacement and destruction of property. According to initial reports, among the areas and facilities hit are At Tabeen Governmental School in Ad Daraj area of Gaza city",,https://www.ochaopt.org/ar/content/humanitarian-situation-update-273-gaza-strip ,"https://web.facebook.com/watch/?v=1179911253807453 , https://www.youtube.com/watch?v=E4rltTvrt_c , ",,Yes,https://images.wafa.ps/album/Details/13756#,,https://www.youtube.com/watch?v=E4rltTvrt_c,,30,,,,Ysn,,View Incident,,,
INC-001,FAC-026,Al-Nazla School,25/05/2024 12:00,,Drone Strike,Ten Palestinians Killed and 17 injured after a drone strike hit the school,"10 Palestinians were reportedly killed and 17 injured when Al Nazla School, reportedly sheltering IDPs was hit",,https://www.ochaopt.org/content/hostilities-gaza-strip-and-israel-flash-update-171,,,Yes,https://www.aljazeera.com/wp-content/uploads/2024/05/AA-20240525-34677288-34677276-ISRAELI_ARMY_ATTACKED_A_SCHOOL_WHERE_PALESTINIANS_TOOK_REFUGE_ON_GAZA-1716643168.jpg?resize=570%2C380&quality=80,,,,10,17,,,Ysn,,View Incident,,,
INC-002,FAC-005,Al-Tabaeen School,2025-03-23,,Other,,,"On 24 March, at about 11:54, four Palestinians, including one child, were reportedly killed and 18 others injured when a tent in the yard of the UNRWA Al Razi School was hit in An Nuseirat Camp 2, in Deir al Balah.",https://www.ochaopt.org/content/humanitarian-situation-update-275-gaza-strip,,,,,,,,4,18,,,,,View Incident,512507e9-6a12-440f-918e-e8f958473a1f,,
INC-003,FAC-003,Al-Buraq School,2023-11-09,,Missile and Artillery strikes,At least 20 Palestinians had been killed after Israel struck.,25 Palestinians killed from Al-Buraq School after missile and artillery strikes targeted the school. The death toll rose to 50.,"The director of Gaza's Al-Shifa hospital, Mohammed Abu Selmeyah, said at least 20 Palestinians had been killed after Israel struck the Al-Buraq school in Gaza City. While the Reuters news agency reported the director as saying at least 20 Palestinians had been killed, AFP news agency put the number at about 50 people.",https://www.aljazeera.com/news/2023/11/10/gaza-hospital-says-received-50-bodies-after-strikes-on-school,"https://www.middleeasteye.net/live-update/israeli-strike-al-buraq-school-kills-20-says-health-ministry , https://www.aa.com.tr/en/middle-east/israeli-army-admits-to-targeting-buraq-school-in-gaza/3050977 , https://www.middleeastmonitor.com/20231111-gaza-50-martyred-inside-al-buraq-school-following-missile-artillery-bombardment/",,Yes,"https://i0.wp.com/www.middleeastmonitor.com/wp-content/uploads/2023/11/AA-20231107-32720621-32720610-ISRAELI_ATTACKS_CONTINUE_ON_ITS_32ND_DAY_IN_GAZA.jpg?fit=920%2C613&ssl=1 , https://www.middleeasteye.net/sites/default/files/styles/full_width/public/2023-11/dead%20bodies.jpg.webp?itok=WO4Ucmvq , https://www.aa.com.tr/en/middle-east/israeli-army-admits-to-targeting-buraq-school-in-gaza/3050977",,https://www.youtube.com/watch?v=sGTpzP2Ozeo,,50,,,,Rid,,View Incident,,,
INC-004,FAC-004,Al-Falah School,2024-09-21,,Missile Strike,20+ people were killed and 100 others injured ,2 Israeli missiles struck al-Falah School which had been converted into a shelter for hundreds of displaced people in the Zeitoun neighbourhood east of Gaza City.,"2 Israeli missiles struck al-Falah School which had been converted into a shelter for hundreds of displaced people in the Zeitoun neighbourhood east of Gaza City, where Israel has expanded its ground invasion alongside heavy aerial bombardment.",http://hrw.org/news/2025/08/07/gaza-israeli-school-strikes-magnify-civilian-peril,"https://www.aa.com.tr/en/middle-east/scores-of-palestinians-dead-wounded-from-israeli-bombing-of-gaza-school-sheltering-displaced-people/3056793 , https://www.news24.com/world/israel-kills-17-in-gaza-as-hamas-faces-countdown-to-accept-us-ceasefire-plan-20251001-0819",,Yes,https://www.hrw.org/sites/default/files/media_2025/08/202508mena_palestine_Al-Zeitoun%20C%20school.jpg,,https://www.instagram.com/reels/DPRASOOkppd/,,20,100,,,Rid,,View Incident,,,
INC-005,FAC-005,Al-Tabaeen School,2024-08-10,,Bombardment,"100+ Palestinians killed, with an initial report of 93 being killed",A mosque inside Al Tabae’en School was struck by the IDF atstruck at least 3 times.,"A mosque inside Al Tabae’en School was struck by the IDF atstruck at least 3 times. More than 100 displaced Palestinians were killed, leaving victims dismembered, charred and often unidentifiable by their loved ones.",https://www.un.org/unispal/document/ohchr-condemns-pr-10aug24/,", https://www.alhaq.org/FAI-Unit/23717.html , https://www.palestinechronicle.com/al-tabaeen-school-massacre-is-part-of-zionist-script-to-annihilate-palestinians-with-us-support/",,Yes,https://www.palestinechronicle.com/wp-content/uploads/2024/08/Tabaeen_Massacre1_QNN.png,,https://www.youtube.com/watch?v=HfpZA_3J3Y4,,100+,12+,,,Rid,,View Incident,,,
INC-006,FAC-020,Fatima Bint Asad School,2025-05-12,,Airstrike,"Israeli warplanes targeted school, 15 killed and 20 injured","Shelters tens of displaced families, where classrooms on the 3rd floor of the school’s western building, where the victims had sought refuge, were destroyed.","At approximately 02:00 on Monday, 12 May 2025, Israeli warplanes targeted Fatima Bint Asad Public Preparatory School in Jabalia al-Balad area, north of Gaza Strip as it shelters tens of displaced families. As a result, 15 people, including 8 children and 2 women, were killed, while 20 others, including 9 children and 3 women, were injured after two classrooms on the 3rd floor of the school’s western building, where the victims had sought refuge, were destroyed.",https://pchrgaza.org/ongoing-genocide-in-gaza-israeli-occupation-forces-target-displaced-peoples-tents-and-shelters-and-exterminate-entire-families/,https://english.wafa.ps/Pages/Details/157256,,Yes,https://pchrgaza.org/wp-content/uploads/2025/05/120525_JABALIA_OASH_0122-scaled.jpg,,https://www.youtube.com/shorts/ms78Zoj0HDU,,15,20,,,Rid,,View Incident,daa2380d-88e1-4b2c-8519-17d374d81952,,
INC-007,FAC-012,Al-Awda School,2024-07-09,,Airstrike,Airstrike killed at least 30 people,This is the fourth attack. The school entrance was hit.,"An Israeli air attack on a school housing displaced Palestinians in southern Gaza has killed at least 30 people in the fourth such attack in as many days.
The attack in the town of Abbasan, east of Khan Younis, hit the entrance of al-Awdah school, wounding at least 53 people.",https://www.aljazeera.com/gallery/2024/7/10/deadly-israeli-strike-on-school-turned-shelter-in-southern-gaza,https://www.theguardian.com/world/article/2024/jul/10/a-game-of-football-a-boom-then-scattered-bodies-video-shows-moment-of-israel-strike-on-gaza-school,,Yes,https://www.aljazeera.com/wp-content/uploads/2024/07/2024-07-10T070053Z_1301028142_RC27S8A681D5_RTRMADP_3_ISRAEL-PALESTINIANS-1720603173.jpg?fit=1170%2C780&quality=80,,https://www.aljazeera.com/wp-content/uploads/2024/07/SV_Al-Awda-school-attacked_WIDE-THUMB-CLEAN-1720602600.jpg?resize=730%2C410&quality=80,,31,53,,,Rid,,View Incident,7dfe2a4c-cf76-4a03-9c3d-87bc06c0165e,,
INC-008,FAC-011,Al-Jawni School,2024-07-06,,Airstrike,Airstrike killed 16 people,"An Israeli strike hit al-Jawni school in Nuseirat, in the centre of the enclave, killing 16 people.","On Saturday, an Israeli strike hit al-Jawni school in Nuseirat, in the centre of the enclave, killing 16 people, according to Gaza’s Ministry of Health. UNRWA said 2,000 people were sheltering there at the time.",https://www.aljazeera.com/gallery/2024/7/10/deadly-israeli-strike-on-school-turned-shelter-in-southern-gaza,https://www.arabnews.com/middle-east/hamas-in-gaza-says-16-killed-in-strike-on-un-school-2544836,,Yes,https://assets.maestronewsroom.com/media/30f6532d-717b-4366-9158-9c455299fcd9/arabnews-import/2024/07/4453971-233189269.jpg,,https://www.youtube.com/watch?v=OzEqTOo_2MQ,,16,50,,,Rid,,View Incident,064ea390-bc3d-448e-9a0e-6687a3f5b90d,,
INC-009,FAC-000,Al-Fakhoora School,2023-11-18,,Other,At least 50 people were killed in the attack,The Palestinian Ministry of Health said there were two attacks that killed and injured hundreds of people.,"Israeli air raids have killed many Palestinians at Al Fakhoura school, run by the United Nations agency for Palestinian refugees (UNRWA), in the Jabalia refugee camp and another school in Tall az-Zaatar, also in northern Gaza.",https://www.aljazeera.com/news/2023/11/18/israeli-forces-strike-al-fakhoora-school-in-northern-gaza,https://www.mfa.gov.tr/no_-296_-israil-in-gazze-deki-al-fakhoora-okuluna-yonelik-saldirisi-hk.en.mfa,,Yes,https://www.aljazeera.com/wp-content/uploads/2023/11/AP23322521081052-1700331546.jpg?resize=770%2C513&quality=80,,https://www.youtube.com/shorts/XjOuKWpzqFQ,,50,100,,,Rid,,View Incident,eac02e14-d365-4a89-aeca-dd3946b79c2e,,
INC-010,FAC-010,Al-Sardi School,2024-06-06,,Airstrike,Death toll: 14 children and 9 women, Strikes which hit al-Sardi school and homes in Nuseirat camp.,"Officials from Gaza’s government media office and the Health Ministry confirmed the death toll, which included 14 children and 9 women, following Thursday’s predawn strikes which hit al-Sardi school and homes in Nuseirat camp.",https://www.aljazeera.com/news/2024/6/6/israel-bombs-unrwa-school-in-gaza-kills-32-displaced-palestinians,,,Yes,https://i.guim.co.uk/img/media/2199567ae0910bbaa5efee299ab5d28227a13ad5/0_255_6720_4032/master/6720.jpg?width=620&dpr=1&s=none&crop=none,,https://www.aljazeera.com/news/2024/6/6/israel-bombs-unrwa-school-in-gaza-kills-32-displaced-palestinians,,40,70,,,Rid,,View Incident,898dbcf3-4480-4b90-9c53-3ba070e952f6,,
INC-011,FAC-002,Osama bin Zaid School,2023-11-03,,Other,Dozens killed and wounded,Shelters thousands of displaced people in the Al-Saftawi area in the northern Gaza Strip,"The official Palestinian news agency WAFA reported: “The Israeli occupation forces committed a new massacre by bombing the Osama Bin Zaid School affiliated with the United Nations Relief and Works Agency for Palestine Refugees (UNRWA), which shelters thousands of displaced people in the Al-Saftawi area in the northern Gaza Strip, resulting in dozens killed and wounded.”",https://www.aa.com.tr/en/middle-east/dozens-killed-wounded-as-israel-bombs-school-housing-displaced-people-in-northern-gaza/3043048,https://prc.org.uk/en/news/6009/another-gaza-school-hit-amid-deadly-israeli-bombing,,Yes,https://english.wafa.ps/image/NewsThumbImg/Default/a7c73a7b-1d14-4aa3-85b1-280f89bf284a.jpeg,,https://www.instagram.com/reels/DLZwVr8qT31/,,20,,,,Rid,,View Incident,f8ac6e6d-ff6f-4d63-9c91-e4effaed0470,,
INC-012,FAC-019,Ibn Rushd School,2024-10-06,,Airstrike,At least 26 Palestinians,Israeli strikes on Ibn Rushd school and Al-Aqsa Martyrs Mosque in central Gaza have killed at least 26 Palestinians.,"Israeli strikes on Ibn Rushd school and Al-Aqsa Martyrs Mosque in central Gaza have killed at least 26 Palestinians, officials said, as Israel intensified its bombardment of northern Gaza.
The strike hit the mosque and school where displaced people were sheltering near the main hospital in the central town of Deir el-Balah.",https://www.aljazeera.com/gallery/2024/10/6/deadly-israeli-strike-on-gaza-mosque-turned-shelter,,,Yes,https://www.instagram.com/p/DAyvVAhveoB/,,https://www.youtube.com/watch?v=iV_Fyov1wvQ,,26,100,,,Rid,,View Incident,6d77c68b-3f88-47e2-9162-e723a86e38bb,,
INC-013,FAC-013,Khadija Girls' School,2024-07-27,,Other,At least 30 people and wounded over 100,Israeli air strikes (fighter jets fired three missiles) on a girls' school in Deir al-Balah.,"Israeli air strikes (fighter jets fired three missiles) on a girls' school in Deir al-Balah, central Gaza, killed at least 30 people and wounded over 100 on Saturday, the Palestinian health ministry said.
Khadija Girls' School was sheltering over 4,000 displaced Palestinians, according to civil defence officials in the enclave. A field hospital was also operating inside the school complex.",https://www.middleeasteye.net/news/israel-strike-central-gaza-girls-school-kills-palestinians,https://www.actionaid.org.uk/latest-news/khadija-girls-school-gaza,,Yes,https://i.guim.co.uk/img/media/72b9ba0421f33ad2b016ba5db10672e89fbafe99/0_336_5669_3401/master/5669.jpg?width=620&dpr=1&s=none&crop=none,,https://news.sky.com/video/the-aftermath-of-the-missile-strike-on-school-in-gaza-13185969,,30,100,,,Rid,,View Incident,cb68f741-9993-4f8e-87ca-f211c22c3707,,
INC-014,FAC-014,Rufaida Girls' High School,2024-10-10,,Airstrike,At least 28 people were killed and over 50 people were wounded,The attack on Rufaida Girls’ High School was the third Israeli attack on schools in Deir al-Balah over a week.,"At least 28 people were killed and over 50 people were wounded on Thursday in a horrific Israeli attack on a girls’ school turned shelter for the displaced in Deir al-Balah in the central Gaza Strip.
The attack on Rufaida Girls’ High School was the third Israeli attack on schools in Deir al-Balah over the past week – the others were on the Ahmed al-Kurd school on 5 October, and al-Ayesha school on 3 October.",https://electronicintifada.net/content/endless-trauma-israel-bombs-another-school/49356,,,Yes,https://media.pnn.ps/english/storage/images/news/2024/1728553093-444655513.jpeg,,,,28,50,,,Rid,,View Incident,f9df2ce4-e711-430b-9657-865c990a6940,,
INC-015,FAC-016,Shadia Abu Ghazala School,2023-12-13,,Other,At least 15 killed,Displaced families were sheltering in the United Nations-run School,"Displaced families were sheltering in the United Nations-run Shadia Abu Ghazala School west of the Jabalia refugee camp in northern Gaza when Israeli soldiers entered the building. What followed was a massacre, according to witnesses and families of those who were killed in the early December assault.",https://www.aljazeera.com/features/2023/12/26/classroom-massacre-survivors-say-israel-executed-innocents-in-gaza-school,https://www.facebook.com/voiceofthecape/posts/trigger-warning-a-journalist-in-the-jabalia-refugee-camp-in-the-gaza-strip-abdul/739174581571429/,,Yes,https://maktoobmedia.com/media/img/800/uploads/2023/12/IMG_6336-1.jpeg.webp,,https://www.youtube.com/watch?v=yspylXsoDf8,,15,,,,Rid,,View Incident,c59b230e-34b2-4c2a-b757-2fa53767ecd4,,
INC-016,FAC-017,Fahmi al-Jarjawi School,2025-05-26,,Airstrike,50 killed and dozens wounded,,"The attack on the Fahmi al-Jarjawi School in the Daraj neighbourhood of Gaza City also wounded dozens of people, said Fahmy Awad, head of the Gaza Ministry of Health’s emergency service. He said a father and his five children were among the dead.",https://www.aljazeera.com/news/2025/5/26/israel-kills-dozens-overnight-bombed-people-as-they-slept-in-school,,,Yes,https://i.guim.co.uk/img/media/d988e97017b54e64be37289ad38744683b373c1f/786_0_4420_3536/master/4420.jpg?width=620&dpr=1&s=none&crop=none,,https://www.facebook.com/trtworld/videos/horrific-footage-shows-the-aftermath-of-an-israeli-air-strike-on-fahmi-al-jarjaw/734328589265567/,,50,36,,,Rid,,View Incident,d96656fb-c2af-45dc-9c5e-b80a4ed1e20e,,
INC-017,FAC-001,Abu Hussein School (Girls),2023-11-22,,Airstrike,"30 killed, 100 injured in Israeli strike on UN-run school in Gaza",The strike targeted the UNRWA-sponsored Abu Hussein School in Jabalia refugee camp,"Strike on the Abu Hussein School run by the UN Relief and Works Agency for Palestine Refugees (UNRWA), which was housing displaced Palestinians fleeing violence and intense bombardment in other parts of Gaza.",https://www.aa.com.tr/en/middle-east/30-killed-100-injured-in-israeli-strike-on-un-run-school-in-gaza/3063142,https://www.aljazeera.com/news/2023/11/23/dozens-killed-in-israeli-attack-on-un-school-in-gaza-ahead-of-truce,,Yes,https://www.aljazeera.com/wp-content/uploads/2023/11/AP23326386505591-1700751528.jpg?resize=770%2C513&quality=80,,,,30,100,,,Rid,,View Incident,f39859ff-a4b0-42e3-a80e-02a196f864e3,,
INC-018,FAC-009,An-Nazla Elementary School,2024-05-24,,Other,A group of Palestinians were filling up gallons of water when Israeli jets bombed the school,"People were staying at the Al-Nazla school in Saftawy, on the outskirts of Jabaliya, as a temporary shelter. They were already displaced people, and staying at a school, when the strike took place.",,https://thecradle.co/articles/israel-bombs-palestinian-families-in-northern-gaza-school,,,,https://pbs.twimg.com/media/GObfy7jWEAAUEzd?format=png&name=360x360,,https://www.youtube.com/watch?v=sHnYI6iqNl0,,10,17,,,ridwatermelon@gmail.com,,View Incident,12e1f64c-f53d-4827-80fe-faff329688da,,
,,,,,missile and artillery strikes,,,,,,,,,,,,,,,,,,View Incident,,,
,,,,,,,,,,,,,,,,,,,,,,,View Incident,,,
,,,,,,,,,,,,,,,,,,,,,,,View Incident,,,
,,,,,,,,,,,,,,,,,,,,,,,View Incident,,,
,,,,,,,,,,,,,,,,,,,,,,,View Incident,,,
,,,,,,,,,,,,,,,,,,,,,,,View Incident,,,
,,,,,,,,,,,,,,,,,,,,,,,View Incident,,,
,,,,,,,,,,,,,,,,,,,,,,,View Incident,,,
,,,,,,,,,,,,,,,,,,,,,,,View Incident,,,
,,,,,,,,,,,,,,,,,,,,,,,View Incident,,,
,,,,,,,,,,,,,,,,,,,,,,,View Incident,,,
,,,,,,,,,,,,,,,,,,,,,,,View Incident,,,
,,,,,,,,,,,,,,,,,,,,,,,View Incident,,,
,,,,,,,,,,,,,,,,,,,,,,,View Incident,,,
,,,,,,,,,,,,,,,,,,,,,,,View Incident,,,
,,,,,,,,,,,,,,,,,,,,,,,View Incident,,,
,,,,,,,,,,,,,,,,,,,,,,,View Incident,,,
,,,,,,,,,,,,,,,,,,,,,,,View Incident,,,
,,,,,,,,,,,,,,,,,,,,,,,View Incident,,,
,,,,,,,,,,,,,,,,,,,,,,,View Incident,,,
,,,,,,,,,,,,,,,,,,,,,,,View Incident,,,
,,,,,,,,,,,,,,,,,,,,,,,View Incident,,,
,,,,,,,,,,,,,,,,,,,,,,,View Incident,,,
,,,,,,,,,,,,,,,,,,,,,,,View Incident,,,
,,,,,,,,,,,,,,,,,,,,,,,View Incident,,,
,,,,,,,,,,,,,,,,,,,,,,,View Incident,,,
,,,,,,,,,,,,,,,,,,,,,,,View Incident,,,
,,,,,,,,,,,,,,,,,,,,,,,View Incident,,,
,,,,,,,,,,,,,,,,,,,,,,,View Incident,,,
,,,,,,,,,,,,,,,,,,,,,,,View Incident,,,
,,,,,,,,,,,,,,,,,,,,,,,View Incident,,,
,,,,,,,,,,,,,,,,,,,,,,,View Incident,,,
,,,,,,,,,,,,,,,,,,,,,,,View Incident,,,
,,,,,,,,,,,,,,,,,,,,,,,View Incident,,,
,,,,,,,,,,,,,,,,,,,,,,,View Incident,,,
,,,,,,,,,,,,,,,,,,,,,,,View Incident,,,
,,,,,,,,,,,,,,,,,,,,,,,View Incident,,,
,,,,,,,,,,,,,,,,,,,,,,,View Incident,,,
,,,,,,,,,,,,,,,,,,,,,,,View Incident,,,
,,,,,,,,,,,,,,,,,,,,,,,View Incident,,,
,,,,,,,,,,,,,,,,,,,,,,,View Incident,,,
,,,,,,,,,,,,,,,,,,,,,,,View Incident,,,
,,,,,,,,,,,,,,,,,,,,,,,View Incident,,,
,,,,,,,,,,,,,,,,,,,,,,,View Incident,,,
,,,,,,,,,,,,,,,,,,,,,,,View Incident,,,
,,,,,,,,,,,,,,,,,,,,,,,View Incident,,,
,,,,,,,,,,,,,,,,,,,,,,,View Incident,,,
,,,,,,,,,,,,,,,,,,,,,,,View Incident,,,
,,,,,,,,,,,,,,,,,,,,,,,View Incident,,,
,,,,,,,,,,,,,,,,,,,,,,,View Incident,,,
,,,,,,,,,,,,,,,,,,,,,,,View Incident,,,
,,,,,,,,,,,,,,,,,,,,,,,View Incident,,,
,,,,,,,,,,,,,,,,,,,,,,,View Incident,,,
,,,,,,,,,,,,,,,,,,,,,,,View Incident,,,
,,,,,,,,,,,,,,,,,,,,,,,View Incident,,,
,,,,,,,,,,,,,,,,,,,,,,,View Incident,,,
,,,,,,,,,,,,,,,,,,,,,,,View Incident,,,
,,,,,,,,,,,,,,,,,,,,,,,View Incident,,,
,,,,,,,,,,,,,,,,,,,,,,,View Incident,,,
,,,,,,,,,,,,,,,,,,,,,,,View Incident,,,
,,,,,,,,,,,,,,,,,,,,,,,View Incident,,,
,,,,,,,,,,,,,,,,,,,,,,,View Incident,,,
,,,,,,,,,,,,,,,,,,,,,,,View Incident,,,
,,,,,,,,,,,,,,,,,,,,,,,View Incident,,,
,,,,,,,,,,,,,,,,,,,,,,,View Incident,,,
,,,,,,,,,,,,,,,,,,,,,,,View Incident,,,
,,,,,,,,,,,,,,,,,,,,,,,View Incident,,,
,,,,,,,,,,,,,,,,,,,,,,,View Incident,,,
,,,,,,,,,,,,,,,,,,,,,,,View Incident,,,
,,,,,,,,,,,,,,,,,,,,,,,View Incident,,,
,,,,,,,,,,,,,,,,,,,,,,,View Incident,,,
,,,,,,,,,,,,,,,,,,,,,,,View Incident,,,
,,,,,,,,,,,,,,,,,,,,,,,View Incident,,,
,,,,,,,,,,,,,,,,,,,,,,,View Incident,,,
,,,,,,,,,,,,,,,,,,,,,,,View Incident,,,
,,,,,,,,,,,,,,,,,,,,,,,View Incident,,,
,,,,,,,,,,,,,,,,,,,,,,,View Incident,,,
,,,,,,,,,,,,,,,,,,,,,,,View Incident,,,
,,,,,,,,,,,,,,,,,,,,,,,View Incident,,,
,,,,,,,,,,,,,,,,,,,,,,,View Incident,,,
,,,,,,,,,,,,,,,,,,,,,,,View Incident,,,
,,,,,,,,,,,,,,,,,,,,,,,View Incident,,,
,,,,,,,,,,,,,,,,,,,,,,,View Incident,,,
,,,,,,,,,,,,,,,,,,,,,,,View Incident,,,
,,,,,,,,,,,,,,,,,,,,,,,View Incident,,,
,,,,,,,,,,,,,,,,,,,,,,,View Incident,,,
,,,,,,,,,,,,,,,,,,,,,,,View Incident,,,
,,,,,,,,,,,,,,,,,,,,,,,View Incident,,,
,,,,,,,,,,,,,,,,,,,,,,,View Incident,,,
,,,,,,,,,,,,,,,,,,,,,,,View Incident,,,
,,,,,,,,,,,,,,,,,,,,,,,View Incident,,,
,,,,,,,,,,,,,,,,,,,,,,,View Incident,,,
,,,,,,,,,,,,,,,,,,,,,,,View Incident,,,
,,,,,,,,,,,,,,,,,,,,,,,View Incident,,,
,,,,,,,,,,,,,,,,,,,,,,,View Incident,,,
,,,,,,,,,,,,,,,,,,,,,,,View Incident,,,
,,,,,,,,,,,,,,,,,,,,,,,View Incident,,,
,,,,,,,,,,,,,,,,,,,,,,,View Incident,,,
,,,,,,,,,,,,,,,,,,,,,,,View Incident,,,
,,,,,,,,,,,,,,,,,,,,,,,View Incident,,,
,,,,,,,,,,,,,,,,,,,,,,,View Incident,,,
,,,,,,,,,,,,,,,,,,,,,,,View Incident,,,
,,,,,,,,,,,,,,,,,,,,,,,View Incident,,,
,,,,,,,,,,,,,,,,,,,,,,,View Incident,,,
,,,,,,,,,,,,,,,,,,,,,,,View Incident,,,
,,,,,,,,,,,,,,,,,,,,,,,View Incident,,,
,,,,,,,,,,,,,,,,,,,,,,,View Incident,,,
,,,,,,,,,,,,,,,,,,,,,,,View Incident,,,
,,,,,,,,,,,,,,,,,,,,,,,View Incident,,,
,,,,,,,,,,,,,,,,,,,,,,,View Incident,,,
,,,,,,,,,,,,,,,,,,,,,,,View Incident,,,
,,,,,,,,,,,,,,,,,,,,,,,View Incident,,,
,,,,,,,,,,,,,,,,,,,,,,,View Incident,,,
,,,,,,,,,,,,,,,,,,,,,,,View Incident,,,
,,,,,,,,,,,,,,,,,,,,,,,View Incident,,,
,,,,,,,,,,,,,,,,,,,,,,,View Incident,,,
,,,,,,,,,,,,,,,,,,,,,,,View Incident,,,
,,,,,,,,,,,,,,,,,,,,,,,View Incident,,,
,,,,,,,,,,,,,,,,,,,,,,,View Incident,,,
,,,,,,,,,,,,,,,,,,,,,,,View Incident,,,
,,,,,,,,,,,,,,,,,,,,,,,View Incident,,,
,,,,,,,,,,,,,,,,,,,,,,,View Incident,,,
,,,,,,,,,,,,,,,,,,,,,,,View Incident,,,
,,,,,,,,,,,,,,,,,,,,,,,View Incident,,,
,,,,,,,,,,,,,,,,,,,,,,,View Incident,,,
,,,,,,,,,,,,,,,,,,,,,,,View Incident,,,
,,,,,,,,,,,,,,,,,,,,,,,View Incident,,,
,,,,,,,,,,,,,,,,,,,,,,,View Incident,,,
,,,,,,,,,,,,,,,,,,,,,,,View Incident,,,
,,,,,,,,,,,,,,,,,,,,,,,View Incident,,,
,,,,,,,,,,,,,,,,,,,,,,,View Incident,,,
,,,,,,,,,,,,,,,,,,,,,,,View Incident,,,
,,,,,,,,,,,,,,,,,,,,,,,View Incident,,,
,,,,,,,,,,,,,,,,,,,,,,,View Incident,,,
,,,,,,,,,,,,,,,,,,,,,,,View Incident,,,
,,,,,,,,,,,,,,,,,,,,,,,View Incident,,,
,,,,,,,,,,,,,,,,,,,,,,,View Incident,,,
,,,,,,,,,,,,,,,,,,,,,,,View Incident,,,
,,,,,,,,,,,,,,,,,,,,,,,View Incident,,,
,,,,,,,,,,,,,,,,,,,,,,,View Incident,,,
,,,,,,,,,,,,,,,,,,,,,,,View Incident,,,
,,,,,,,,,,,,,,,,,,,,,,,View Incident,,,
,,,,,,,,,,,,,,,,,,,,,,,View Incident,,,
,,,,,,,,,,,,,,,,,,,,,,,View Incident,,,
,,,,,,,,,,,,,,,,,,,,,,,View Incident,,,
,,,,,,,,,,,,,,,,,,,,,,,View Incident,,,
,,,,,,,,,,,,,,,,,,,,,,,View Incident,,,
,,,,,,,,,,,,,,,,,,,,,,,View Incident,,,
,,,,,,,,,,,,,,,,,,,,,,,View Incident,,,
,,,,,,,,,,,,,,,,,,,,,,,View Incident,,,
,,,,,,,,,,,,,,,,,,,,,,,View Incident,,,
,,,,,,,,,,,,,,,,,,,,,,,,,,
,,,,,,,,,,,,,,,,,,,,,,,,,,
,,,,,,,,,,,,,,,,,,,,,,,,,,
,,,,,,,,,,,,,,,,,,,,,,,,,,
,,,,,,,,,,,,,,,,,,,,,,,,,,
,,,,,,,,,,,,,,,,,,,,,,,,,,
,,,,,,,,,,,,,,,,,,,,,,,,,,
,,,,,,,,,,,,,,,,,,,,,,,,,,
,,,,,,,,,,,,,,,,,,,,,,,,,,
,,,,,,,,,,,,,,,,,,,,,,,,,,
,,,,,,,,,,,,,,,,,,,,,,,,,,
,,,,,,,,,,,,,,,,,,,,,,,,,,
,,,,,,,,,,,,,,,,,,,,,,,,,,
,,,,,,,,,,,,,,,,,,,,,,,,,,
,,,,,,,,,,,,,,,,,,,,,,,,,,
,,,,,,,,,,,,,,,,,,,,,,,,,,
,,,,,,,,,,,,,,,,,,,,,,,,,,
,,,,,,,,,,,,,,,,,,,,,,,,,,
,,,,,,,,,,,,,,,,,,,,,,,,,,
,,,,,,,,,,,,,,,,,,,,,,,,,,
,,,,,,,,,,,,,,,,,,,,,,,,,,
,,,,,,,,,,,,,,,,,,,,,,,,,,
,,,,,,,,,,,,,,,,,,,,,,,,,,
,,,,,,,,,,,,,,,,,,,,,,,,,,
,,,,,,,,,,,,,,,,,,,,,,,,,,
,,,,,,,,,,,,,,,,,,,,,,,,,,
,,,,,,,,,,,,,,,,,,,,,,,,,,
,,,,,,,,,,,,,,,,,,,,,,,,,,
,,,,,,,,,,,,,,,,,,,,,,,,,,
,,,,,,,,,,,,,,,,,,,,,,,,,,
,,,,,,,,,,,,,,,,,,,,,,,,,,
,,,,,,,,,,,,,,,,,,,,,,,,,,
,,,,,,,,,,,,,,,,,,,,,,,,,,
,,,,,,,,,,,,,,,,,,,,,,,,,,
,,,,,,,,,,,,,,,,,,,,,,,,,,
,,,,,,,,,,,,,,,,,,,,,,,,,,
,,,,,,,,,,,,,,,,,,,,,,,,,,
,,,,,,,,,,,,,,,,,,,,,,,,,,
,,,,,,,,,,,,,,,,,,,,,,,,,,
,,,,,,,,,,,,,,,,,,,,,,,,,,
,,,,,,,,,,,,,,,,,,,,,,,,,,
,,,,,,,,,,,,,,,,,,,,,,,,,,
,,,,,,,,,,,,,,,,,,,,,,,,,,
,,,,,,,,,,,,,,,,,,,,,,,,,,
,,,,,,,,,,,,,,,,,,,,,,,,,,
,,,,,,,,,,,,,,,,,,,,,,,,,,
,,,,,,,,,,,,,,,,,,,,,,,,,,
,,,,,,,,,,,,,,,,,,,,,,,,,,
,,,,,,,,,,,,,,,,,,,,,,,,,,
,,,,,,,,,,,,,,,,,,,,,,,,,,
,,,,,,,,,,,,,,,,,,,,,,,,,,
,,,,,,,,,,,,,,,,,,,,,,,,,,
,,,,,,,,,,,,,,,,,,,,,,,,,,
,,,,,,,,,,,,,,,,,,,,,,,,,,
,,,,,,,,,,,,,,,,,,,,,,,,,,
,,,,,,,,,,,,,,,,,,,,,,,,,,
,,,,,,,,,,,,,,,,,,,,,,,,,,
,,,,,,,,,,,,,,,,,,,,,,,,,,
,,,,,,,,,,,,,,,,,,,,,,,,,,
,,,,,,,,,,,,,,,,,,,,,,,,,,
,,,,,,,,,,,,,,,,,,,,,,,,,,
,,,,,,,,,,,,,,,,,,,,,,,,,,
,,,,,,,,,,,,,,,,,,,,,,,,,,
,,,,,,,,,,,,,,,,,,,,,,,,,,
,,,,,,,,,,,,,,,,,,,,,,,,,,
,,,,,,,,,,,,,,,,,,,,,,,,,,
,,,,,,,,,,,,,,,,,,,,,,,,,,
,,,,,,,,,,,,,,,,,,,,,,,,,,
,,,,,,,,,,,,,,,,,,,,,,,,,,
,,,,,,,,,,,,,,,,,,,,,,,,,,
,,,,,,,,,,,,,,,,,,,,,,,,,,
,,,,,,,,,,,,,,,,,,,,,,,,,,
,,,,,,,,,,,,,,,,,,,,,,,,,,
,,,,,,,,,,,,,,,,,,,,,,,,,,
,,,,,,,,,,,,,,,,,,,,,,,,,,
,,,,,,,,,,,,,,,,,,,,,,,,,,
,,,,,,,,,,,,,,,,,,,,,,,,,,
,,,,,,,,,,,,,,,,,,,,,,,,,,
,,,,,,,,,,,,,,,,,,,,,,,,,,
,,,,,,,,,,,,,,,,,,,,,,,,,,
,,,,,,,,,,,,,,,,,,,,,,,,,,
,,,,,,,,,,,,,,,,,,,,,,,,,,
,,,,,,,,,,,,,,,,,,,,,,,,,,
,,,,,,,,,,,,,,,,,,,,,,,,,,
,,,,,,,,,,,,,,,,,,,,,,,,,,
,,,,,,,,,,,,,,,,,,,,,,,,,,
,,,,,,,,,,,,,,,,,,,,,,,,,,
,,,,,,,,,,,,,,,,,,,,,,,,,,
,,,,,,,,,,,,,,,,,,,,,,,,,,
,,,,,,,,,,,,,,,,,,,,,,,,,,
,,,,,,,,,,,,,,,,,,,,,,,,,,
,,,,,,,,,,,,,,,,,,,,,,,,,,
,,,,,,,,,,,,,,,,,,,,,,,,,,
,,,,,,,,,,,,,,,,,,,,,,,,,,
,,,,,,,,,,,,,,,,,,,,,,,,,,
,,,,,,,,,,,,,,,,,,,,,,,,,,
,,,,,,,,,,,,,,,,,,,,,,,,,,
,,,,,,,,,,,,,,,,,,,,,,,,,,
,,,,,,,,,,,,,,,,,,,,,,,,,,
,,,,,,,,,,,,,,,,,,,,,,,,,,
,,,,,,,,,,,,,,,,,,,,,,,,,,
,,,,,,,,,,,,,,,,,,,,,,,,,,
,,,,,,,,,,,,,,,,,,,,,,,,,,
,,,,,,,,,,,,,,,,,,,,,,,,,,
,,,,,,,,,,,,,,,,,,,,,,,,,,
,,,,,,,,,,,,,,,,,,,,,,,,,,
,,,,,,,,,,,,,,,,,,,,,,,,,,
,,,,,,,,,,,,,,,,,,,,,,,,,,
,,,,,,,,,,,,,,,,,,,,,,,,,,
,,,,,,,,,,,,,,,,,,,,,,,,,,
,,,,,,,,,,,,,,,,,,,,,,,,,,
,,,,,,,,,,,,,,,,,,,,,,,,,,
,,,,,,,,,,,,,,,,,,,,,,,,,,
,,,,,,,,,,,,,,,,,,,,,,,,,,
,,,,,,,,,,,,,,,,,,,,,,,,,,
,,,,,,,,,,,,,,,,,,,,,,,,,,
,,,,,,,,,,,,,,,,,,,,,,,,,,
,,,,,,,,,,,,,,,,,,,,,,,,,,
,,,,,,,,,,,,,,,,,,,,,,,,,,
,,,,,,,,,,,,,,,,,,,,,,,,,,
,,,,,,,,,,,,,,,,,,,,,,,,,,
,,,,,,,,,,,,,,,,,,,,,,,,,,
,,,,,,,,,,,,,,,,,,,,,,,,,,
,,,,,,,,,,,,,,,,,,,,,,,,,,
,,,,,,,,,,,,,,,,,,,,,,,,,,
,,,,,,,,,,,,,,,,,,,,,,,,,,
,,,,,,,,,,,,,,,,,,,,,,,,,,
,,,,,,,,,,,,,,,,,,,,,,,,,,
,,,,,,,,,,,,,,,,,,,,,,,,,,
,,,,,,,,,,,,,,,,,,,,,,,,,,
,,,,,,,,,,,,,,,,,,,,,,,,,,
,,,,,,,,,,,,,,,,,,,,,,,,,,
,,,,,,,,,,,,,,,,,,,,,,,,,,
,,,,,,,,,,,,,,,,,,,,,,,,,,
,,,,,,,,,,,,,,,,,,,,,,,,,,
,,,,,,,,,,,,,,,,,,,,,,,,,,
,,,,,,,,,,,,,,,,,,,,,,,,,,
,,,,,,,,,,,,,,,,,,,,,,,,,,
,,,,,,,,,,,,,,,,,,,,,,,,,,
,,,,,,,,,,,,,,,,,,,,,,,,,,
,,,,,,,,,,,,,,,,,,,,,,,,,,
,,,,,,,,,,,,,,,,,,,,,,,,,,
,,,,,,,,,,,,,,,,,,,,,,,,,,
,,,,,,,,,,,,,,,,,,,,,,,,,,
,,,,,,,,,,,,,,,,,,,,,,,,,,
,,,,,,,,,,,,,,,,,,,,,,,,,,
,,,,,,,,,,,,,,,,,,,,,,,,,,
,,,,,,,,,,,,,,,,,,,,,,,,,,
,,,,,,,,,,,,,,,,,,,,,,,,,,
,,,,,,,,,,,,,,,,,,,,,,,,,,
,,,,,,,,,,,,,,,,,,,,,,,,,,
,,,,,,,,,,,,,,,,,,,,,,,,,,
,,,,,,,,,,,,,,,,,,,,,,,,,,
,,,,,,,,,,,No,,,,,,,,,,,,,,,
,,,,,,,,,,,No,,,,,,,,,,,,,,,
,,,,,,,,,,,No,,,,,,,,,,,,,,,
,,,,,,,,,,,No,,,,,,,,,,,,,,,
,,,,,,,,,,,No,,,,,,,,,,,,,,,
,,,,,,,,,,,No,,,,,,,,,,,,,,,
,,,,,,,,,,,No,,,,,,,,,,,,,,,
,,,,,,,,,,,No,,,,,,,,,,,,,,,
,,,,,,,,,,,No,,,,,,,,,,,,,,,
,,,,,,,,,,,No,,,,,,,,,,,,,,,
,,,,,,,,,,,No,,,,,,,,,,,,,,,
,,,,,,,,,,,No,,,,,,,,,,,,,,,
,,,,,,,,,,,No,,,,,,,,,,,,,,,
,,,,,,,,,,,No,,,,,,,,,,,,,,,
,,,,,,,,,,,No,,,,,,,,,,,,,,,
,,,,,,,,,,,No,,,,,,,,,,,,,,,
,,,,,,,,,,,No,,,,,,,,,,,,,,,
,,,,,,,,,,,No,,,,,,,,,,,,,,,
,,,,,,,,,,,No,,,,,,,,,,,,,,,
,,,,,,,,,,,No,,,,,,,,,,,,,,,
,,,,,,,,,,,No,,,,,,,,,,,,,,,
,,,,,,,,,,,No,,,,,,,,,,,,,,,
,,,,,,,,,,,No,,,,,,,,,,,,,,,
,,,,,,,,,,,No,,,,,,,,,,,,,,,
,,,,,,,,,,,No,,,,,,,,,,,,,,,
,,,,,,,,,,,No,,,,,,,,,,,,,,,
,,,,,,,,,,,No,,,,,,,,,,,,,,,
,,,,,,,,,,,No,,,,,,,,,,,,,,,
,,,,,,,,,,,No,,,,,,,,,,,,,,,
,,,,,,,,,,,No,,,,,,,,,,,,,,,
,,,,,,,,,,,No,,,,,,,,,,,,,,,
,,,,,,,,,,,No,,,,,,,,,,,,,,,
,,,,,,,,,,,No,,,,,,,,,,,,,,,
,,,,,,,,,,,No,,,,,,,,,,,,,,,
,,,,,,,,,,,No,,,,,,,,,,,,,,,
,,,,,,,,,,,No,,,,,,,,,,,,,,,
,,,,,,,,,,,No,,,,,,,,,,,,,,,
,,,,,,,,,,,No,,,,,,,,,,,,,,,