{
  "extraction_session": "20250817_220701",
  "extraction_date": "2025-08-17 22:07:01",
  "extracted_by": "aliattia02",
  "urls_processed": [
    {
      "url": "https://www.aljazeera.com/news/2025/8/10/al-jazeera-journalist-anas-al-sharif-killed-in-israeli-attack-in-gaza-city",
      "items_extracted": 6,
      "statistics": 6,
      "cases": 0,
      "quotes": 0,
      "status": "success"
    }
  ],
  "total_items_extracted": 6,
  "statistics": 6,
  "cases": 0,
  "quotes": 0,
  "errors": []
}