id,_anchor,name_de,specialization_de,post_war_status_de,introduction_de,notes_de
FAC-000,Great Omari Mosque,Große Omari-Moschee,"Älteste Moschee in Gaza – 1400 Jahre alt, erbaut auf dem Gelände eines alten Tempels",zerstört,"Die größte und älteste Moschee Gazas. Erbaut im 7. Jahrhundert an der Stelle einer alten byzantinischen Kirche, die über einem heidnischen Dagon-Tempel errichtet worden war. Benannt nach Kalif Omar ibn al-Chattab. Sie beherbergte seltene Manuskripte und eine historische Bibliothek. Zerstört durch einen Luftangriff am 8. Dezember 2023. Lediglich das Minarett aus der Mamlukenzeit ist teilweise erhalten. Sie gilt als eine der bedeutendsten Moscheen im historischen Palästina.",Vollständig – nur das beschädigte Minarett ist erhalten.
FAC-001,Church of Saint Porphyrius,Kirche des Heiligen Porphyrius,Drittälteste Kirche der Welt – 1600 Jahre alt,teilweise beschädigt,"Eine der ältesten Kirchen der Welt, deren Ursprünge bis ins 5. Jahrhundert zurückreichen. Benannt nach dem Heiligen Porphyrius, Bischof von Gaza (395–420 n. Chr.). Das Kirchengelände wurde am 19. Oktober 2023 angegriffen, wobei 18 Menschen, darunter 10 Mitglieder einer Familie, getötet wurden. Die Gebäude auf dem Gelände wurden vollständig zerstört. Etwa 500 Menschen, hauptsächlich Christen, suchten Zuflucht. Das Kirchengebäude selbst blieb zwar erhalten, wurde aber schwer beschädigt. Im Jahr 2024 wurde es erneut zu einem Angriff mit Blindgängern gekommen.","Schwerwiegend – Gebäudekomplex zerstört, Kirche beschädigt"
FAC-002,Holy Family Church,Kirche der Heiligen Familie,Einzige katholische Kirche im Gazastreifen,teilweise beschädigt,"Die einzige katholische Kirche im Gazastreifen. Erbaut in den 1960er Jahren. Bis Dezember 2023 bot sie 648 Binnenvertriebenen Schutz. Mutter und Tochter Nahida und Samar Anton wurden am 16. Dezember 2023 auf dem Weg zum Kloster von einem israelischen Scharfschützen getötet. Das Kloster der Missionarinnen der Nächstenliebe, in dem 54 Behinderte lebten, wurde durch Panzerbeschuss zerstört. Am 7. Juli 2024 wurde eine Schule getroffen, wobei vier Menschen, darunter der stellvertretende Arbeitsminister, ums Leben kamen. Solaranlagen und Wassertanks wurden zerstört. Die Einrichtung arbeitet unter extremen Bedingungen.","Schwerwiegend – Mehrere Angriffe, laufender Betrieb eingeschränkt"
FAC-003,Katib al-Wilaya Mosque,Katib al-Wilaya Moschee,"Moschee aus der Mamlukenzeit, erbaut neben der Kirche des Heiligen Porphyrius",zerstört,Die historische Moschee aus der Mamlukenzeit (15. Jahrhundert) neben der Kirche des Heiligen Porphyrius symbolisierte friedliches Zusammenleben. Sie wurde im Oktober bei einem Angriff auf das Kirchengelände beschädigt und im Dezember 2023 durch Luftangriffe vollständig zerstört. Sie repräsentierte das interreligiöse Erbe und die Architekturgeschichte Gazas.,Vollständig zerstört
FAC-004,Sayed al-Hashim Mosque,Sayed al-Haschim Moschee,"Enthält das Grab von Hashim ibn Abd Manaf, dem Großvater des Propheten Mohammed.",zerstört,"Bedeutende Pilgerstätte mit dem Grab, das als das von Hashim ibn Abd Manaf, dem Großvater des Propheten Mohammed, gilt. Auf der Liste der UNESCO-Vorschlagsstätten für Weltkulturerbe. Von großer religiöser und historischer Bedeutung. Im November und Dezember 2023 wiederholt Ziel von Anschlägen. Umfangreiche Schäden am Bauwerk und im Grabbereich.",Schwerwiegend – erhebliche strukturelle Schäden
FAC-005,Khalid bin al-Walid Mosque,Khalid bin al-Walid Moschee,Benannt nach dem berühmten islamischen Militärkommandanten,zerstört,"Die große Moschee in Khan Younis, benannt nach einem Gefährten des Propheten Mohammed, wurde am 8. November 2023 durch einen Luftangriff vollständig zerstört. Sie diente als wichtigstes Gotteshaus für den südlichen Gazastreifen. Nur noch Trümmer und Schutt zeugen davon.",Vollständig zerstört
FAC-006,Al-Hassan Mosque,Al-Hassan-Moschee,Gemeindezentrum,zerstört,Eine Moschee im Viertel Tuffah wurde am 16. November 2023 während des Morgengebets angegriffen. Bei einem direkten Luftangriff wurden 16 betende Palästinenser getötet. Das Gebäude wurde vollständig zerstört. Das Gemeindezentrum wurde vernichtet.,Vollständig zerstört – während des Morgengebets vernichtet
FAC-007,Al-Gharbi Mosque,Al-Gharbi-Moschee,Gottesdienstzentrum in der Stadt West-Gaza,zerstört,"Eine der ersten Moscheen, die im Konflikt zerstört wurden. Getroffen durch einen Luftangriff am 9. Oktober 2023. Vollständige Zerstörung des Gebäudes. Erste Hinweise auf ein systematisches Angriffsmuster.",Vollständig - Frühe Zerstörung
FAC-008,Jaffa Mosque,Jaffa-Moschee,Historische Zentralmoschee von Gaza,zerstört,Historische Moschee in Deir al-Balah. Zerstört im Dezember 2023. Ein bedeutender Verlust für die religiöse Infrastruktur im zentralen Gazastreifen. Sie diente über ein Jahrhundert lang einer großen Gemeinde.,Vollständig zerstört
FAC-009,Shuhada al-Aqsa Mosque,Shuhada al-Aqsa Moschee,Benannt nach den Märtyrern der Al-Aqsa-Moschee,zerstört,"Im Oktober 2024 wurde eine Moschee während des Gebets angegriffen, wobei 26 Menschen getötet wurden. Familien hatten in der Moschee Schutz gesucht. Unter den Opfern befanden sich Frauen und Kinder. Das Gebäude wurde vollständig zerstört. Der Anschlag reiht sich in eine Serie von Angriffen auf Gottesdienste während der Gebetszeiten ein.",Abgeschlossen – während des Gebets bombardiert.
FAC-010,Zofor Domri Mosque,Zofor Domri Moschee,Shuja'iyya Gemeindezentrum,zerstört,Die Moschee im Viertel Shuja'iyya wurde dreimal bombardiert und anschließend von Bodentruppen dem Erdboden gleichgemacht. Systematische Zerstörung ist dokumentiert. Das Gebäude und die Umgebung wurden vollständig vernichtet.,"Abgeschlossen – dreimal bombardiert, dann planiert"
FAC-011,Al-Riad Mosque,Al-Riad-Moschee,Khan Younis Gebetszentrum,zerstört,Eine große Moschee in Khan Younis wurde am 9. März 2024 durch israelische Bombenangriffe schwer beschädigt. Die umfangreichen strukturellen Schäden machen sie unbrauchbar. Die Angriffe auf religiöse Stätten im südlichen Gazastreifen dauern an.,Schwerwiegend – stark beschädigt
FAC-012,Ibn Marwan Mosque,Ibn-Marwan-Moschee,Historische Moschee aus der osmanischen Ära,zerstört,Moschee aus der osmanischen Zeit (17. Jahrhundert). Bedeutendes historisches Bauwerk. Geplanter Abriss: November 2023. Schwere strukturelle Schäden. Verlust eines historischen Kulturerbes.,Schwerwiegend – Große Schäden
FAC-013,Aybaki Mosque,Aybaki-Moschee,Architekturerbe der Mamlukenzeit,zerstört,Moschee aus der Mamlukenzeit (14. Jahrhundert). Bedeutendes architektonisches Erbe. Vollständig zerstört im Dezember 2023. Unersetzlicher historischer Verlust.,Vollständig zerstört
FAC-014,Ibn Othman Mosque,Ibn-Othman-Moschee,Mittelalterliche islamische Architektur,zerstört,Mittelalterliche Moschee mit jahrhundertealter Geschichte. Bedeutend für das islamische Architekturerbe im Gazastreifen. Im November 2023 schwer beschädigt. Seltenes historisches Bauwerk verloren.,Schwerwiegend – stark beschädigt
FAC-015,Mahkamah Mosque,Mahkamah-Moschee,Gerichtsmoschee – Mamlukisches Justizzentrum,zerstört,"Historische Moschee aus der Mamlukenzeit, die mit dem islamischen Gerichtssystem verbunden ist. Bedeutende Stätte des kulturellen und rechtlichen Erbes. Schwer beschädigt im Dezember 2023. Wichtiges Bindeglied zur Justizgeschichte des Gazastreifens.",Schwerwiegend – Große Schäden
FAC-016,Sheikh Zakariyya Mosque,Scheich-Zakariyya-Moschee,Benannt nach einem islamischen Gelehrten,zerstört,"Historische Moschee, benannt nach einem renommierten islamischen Gelehrten. Wichtiges religiöses Bildungszentrum. Anschlagsziel: November 2023. Erhebliche Schäden am Gebäude und der religiösen Bibliothek.",Schwerwiegend – Große Schäden
FAC-017,Al-Shamah Mosque,Al-Shamah-Moschee,Gemeindemoschee aus dem frühen 20. Jahrhundert,zerstört,Die Gemeindemoschee diente dem Viertel in Gaza-Stadt über ein Jahrhundert lang. Sie wurde im Dezember 2023 zerstört. Damit ging das Gotteshaus und das Gemeindezentrum vollständig verloren.,Vollständig zerstört
FAC-018,St. Hilarion Monastery,Kloster St. Hilarion,UNESCO-Weltkulturerbe - ältestes Kloster im Heiligen Land,teilweise beschädigt,"Das 329 n. Chr. gegründete, uralte christliche Kloster ist eines der ältesten christlichen Klöster der Welt und steht auf der Tentativliste des UNESCO-Welterbes. Die archäologische Stätte wurde durch Bombardierungen und Militäroperationen beschädigt. Mosaiken und Bauwerke aus dem 4. Jahrhundert sind gefährdet. Das Kloster repräsentiert das frühchristliche Erbe der Region.",Mittelgradig – Archäologische Stätte beschädigt
FAC-019,Gaza Baptist Church,Gaza Baptistenkirche,Protestantisches christliches Gottesdienstzentrum,teilweise beschädigt,"Eine protestantische Kirche, die eine kleine Baptistengemeinde in Gaza betreut. Sie wurde durch Angriffe auf die Umgebung beschädigt und ist weiterhin in eingeschränktem Umfang geöffnet. Sie bietet vertriebenen Familien Zuflucht und ist Teil des vielfältigen christlichen Erbes von Gaza.",Mittel – Schaden durch nahe Angriffe
FAC-020,Rafah Mosque,Rafah-Moschee,,,,
FAC-021,Multiple Mosques,Mehrere Moscheen,,,,
,,,,,,
,,,,,,
,,,,,,
,,,,,,
,,,,,,
,,,,,,
,,,,,,
,,,,,,
,,,,,,
,,,,,,
,,,,,,
,,,,,,
,,,,,,
,,,,,,
,,,,,,
,,,,,,
,,,,,,
,,,,,,
,,,,,,
,,,,,,
,,,,,,
,,,,,,
,,,,,,
,,,,,,
,,,,,,
,,,,,,
,,,,,,
,,,,,,
,,,,,,
,,,,,,
,,,,,,
,,,,,,
,,,,,,
,,,,,,
,,,,,,
,,,,,,
,,,,,,
,,,,,,
,,,,,,
,,,,,,
,,,,,,
,,,,,,
,,,,,,
,,,,,,
,,,,,,
,,,,,,
,,,,,,
,,,,,,
,,,,,,
,,,,,,
,,,,,,
,,,,,,
,,,,,,
,,,,,,
,,,,,,
,,,,,,
,,,,,,
,,,,,,
,,,,,,
,,,,,,
,,,,,,
,,,,,,
,,,,,,
,,,,,,
,,,,,,
,,,,,,
,,,,,,
,,,,,,
,,,,,,
,,,,,,
,,,,,,
,,,,,,
,,,,,,
,,,,,,
,,,,,,
,,,,,,
,,,,,,