id,title,period,date_start,date_end,event_type,classification,location_historical,location_current,lat,lng,deaths_raw,deaths_estimate,injured_raw,injured_estimate,displaced_raw,displaced_estimate,perpetrators,verification_status,summary,num_sources,source_links
hist001,Deir Yassin,historical,1948-04-09,1948-04-09,Massacre,War Crime (1907 Hague); Crimes Against Humanity (modern),"Deir Yassin (Dayr Yasin), Jerusalem, British Mandate of Palestine","Givat Shaul neighborhood, West Jerusalem, Israel, Village demolished; site integrated into Israeli neighborhoods",31.7857,35.1547,≈107–250,250,Dozens (not systematically recorded),,≈710,710,Irgun (Etzel);Lehi (Stern Gang);Haganah/Palmach (support),verified,"The Deir Yassin massacre occurred during intense fighting around Jerusalem in early April 1948 (Operation Nachshon context). The village had previously concluded a local non-aggression understanding with nearby Jewish communities; nonetheless, Irgun and Lehi launched a multi-axis assault at dawn. Haganah/Palmach elements later provided support. Killings of civilians—including women, children and elderly—were documented by Israeli and international witnesses; surviving captives were paraded in Jerusalem and later released. Death estimates vary; most research centers near ≈107, with higher claims (≈200–250) appearing in contemporary accounts. The entire village population (≈710 in 1948) was displaced; Deir Yassin's lands were later absorbed into West Jerusalem neighborhoods. No perpetrators were prosecuted; Irgun commander Menachem Begin later became Prime Minister (1977–1983).",12,https://www.cambridge.org/core/books/birth-of-the-palestinian-refugee-problem-revisited/4A0958EED322D2FAC1D245128A1D44CB;https://www.zochrot.org/villages/village_details/49106/en;https://www.icrc.org/;https://www.palquest.org/en/highlight/21194/deir-yasin-massacre-9-april-1948;https://www.nationalarchives.gov.uk/;https://www.nationalarchives.gov.uk/;https://www.palquest.org/en/highlight/21194/deir-yasin-massacre-9-april-1948;https://www.palquest.org/en/highlight/21194/deir-yasin-massacre-9-april-1948;https://www.palquest.org/en/highlight/21194/deir-yasin-massacre-9-april-1948;https://www.icrc.org/;https://www.nationalarchives.gov.uk/;https://www.palestine-studies.org/
hist002,Tantura,historical,1948-05-22,1948-05-23,Massacre,War Crime (1907 Hague); Crimes Against Humanity (modern),"Tantura (Al-Tantura), British Mandate of Palestine, Haifa District","Dor Beach area, Haifa District, Israel; Kibbutz Nahsholim built on village ruins; Dor Beach parking lot over mass grave; Village demolished; mass graves undisturbed",32.5167,34.9167,≈200-250,250,Unknown (most male captives were killed),,"≈1,500",1500,Alexandroni Brigade (Haganah/IDF),verified,"On May 22-23, 1948, the Alexandroni Brigade of the Haganah (which became the IDF) attacked the Palestinian coastal village of Tantura. The village had a population of approximately 1,500 and was known for its fishing industry. Despite attempts at surrender and raising white flags, Israeli forces conducted house-to-house searches, separated men from women and children, and executed male villagers. An estimated 200-250 Palestinian men were systematically executed after the village surrendered. Bodies were buried in multiple mass graves, including one beneath what is now the parking lot of Dor Beach. The massacre remained largely unknown until 1998 when Israeli graduate student Teddy Katz documented it through interviews with both Palestinian survivors and Israeli soldiers who participated. Despite initial confirmation by veterans, Katz faced a libel lawsuit and was forced under pressure to sign an 'apology' (later withdrawn). Israeli authorities have consistently refused to excavate the mass graves or conduct official investigations. No perpetrators were prosecuted. The village was demolished and Kibbutz Nahsholim was built on its ruins.",26,https://www.haaretz.com/israel-news/2022-01-20/ty-article-magazine/.premium/tantura-the-massacre-at-the-heart-of-the-nakba-that-israelis-refuse-to-recogn/0000017f-e2a5-d7b2-a77f-e2a7ccb30000;https://www.zochrot.org/;https://www.haaretz.com/israel-news/2022-01-20/ty-article-magazine/.premium/tantura-the-massacre-at-the-heart-of-the-nakba-that-israelis-refuse-to-recogn/0000017f-e2a5-d7b2-a77f-e2a7ccb30000;https://www.aljazeera.com/features/2022/1/27/tantura-a-film-about-a-massacre-israel-didnt-want-you-to-see;https://www.haaretz.com/israel-news/2022-01-20/ty-article-magazine/.premium/tantura-the-massacre-at-the-heart-of-the-nakba-that-israelis-refuse-to-recogn/0000017f-e2a5-d7b2-a77f-e2a7ccb30000;https://www.haaretz.com/israel-news/2022-01-20/ty-article-magazine/.premium/tantura-the-massacre-at-the-heart-of-the-nakba-that-israelis-refuse-to-recogn/0000017f-e2a5-d7b2-a77f-e2a7ccb30000;https://www.haaretz.com/israel-news/2022-01-20/ty-article-magazine/.premium/tantura-the-massacre-at-the-heart-of-the-nakba-that-israelis-refuse-to-recogn/0000017f-e2a5-d7b2-a77f-e2a7ccb30000;https://www.haaretz.com/israel-news/2022-01-20/ty-article-magazine/.premium/tantura-the-massacre-at-the-heart-of-the-nakba-that-israelis-refuse-to-recogn/0000017f-e2a5-d7b2-a77f-e2a7ccb30000;https://www.palestine-studies.org/;https://www.aljazeera.com/features/2022/1/27/tantura-a-film-about-a-massacre-israel-didnt-want-you-to-see;https://www.haaretz.com/israel-news/2022-01-20/ty-article-magazine/.premium/tantura-the-massacre-at-the-heart-of-the-nakba-that-israelis-refuse-to-recogn/0000017f-e2a5-d7b2-a77f-e2a7ccb30000;https://www.palestine-studies.org/;https://www.haaretz.com/israel-news/2022-01-20/ty-article-magazine/.premium/tantura-the-massacre-at-the-heart-of-the-nakba-that-israelis-refuse-to-recogn/0000017f-e2a5-d7b2-a77f-e2a7ccb30000;https://www.haaretz.com/israel-news/2022-01-20/ty-article-magazine/.premium/tantura-the-massacre-at-the-heart-of-the-nakba-that-israelis-refuse-to-recogn/0000017f-e2a5-d7b2-a77f-e2a7ccb30000;https://www.palestine-studies.org/;https://www.aljazeera.com/features/2022/1/27/tantura-a-film-about-a-massacre-israel-didnt-want-you-to-see;https://www.haaretz.com/israel-news/2022-01-20/ty-article-magazine/.premium/tantura-the-massacre-at-the-heart-of-the-nakba-that-israelis-refuse-to-recogn/0000017f-e2a5-d7b2-a77f-e2a7ccb30000;https://www.zochrot.org/;https://www.zochrot.org/;https://www.haaretz.com/;https://www.aljazeera.com/features/2022/1/27/tantura-a-film-about-a-massacre-israel-didnt-want-you-to-see;https://www.haaretz.com/israel-news/2022-01-20/ty-article-magazine/.premium/tantura-the-massacre-at-the-heart-of-the-nakba-that-israelis-refuse-to-recogn/0000017f-e2a5-d7b2-a77f-e2a7ccb30000;https://www.haaretz.com/israel-news/2022-01-20/ty-article-magazine/.premium/tantura-the-massacre-at-the-heart-of-the-nakba-that-israelis-refuse-to-recogn/0000017f-e2a5-d7b2-a77f-e2a7ccb30000;https://www.palestine-studies.org/;https://www.aljazeera.com/features/2022/1/27/tantura-a-film-about-a-massacre-israel-didnt-want-you-to-see;https://www.zochrot.org/
hist003,Lydda and Ramle,historical,1948-07-09,1948-07-13,"Massacre, Forced Expulsion, Death March",War Crime; Crimes Against Humanity; Ethnic Cleansing (Nakba),"Lydda (Al-Lydd) and Ramle (Al-Ramla), British Mandate of Palestine (under Israeli occupation from July 11-12, 1948)","Lod and Ramla, Central District, Israel; Cities renamed and repopulated; small Palestinian minority remains",31.951,34.8881,"≈400–1,000",1000,Unknown (not systematically recorded),,"≈50,000–70,000",70000,IDF Yiftach Brigade (11th Brigade);IDF 8th Armored Brigade;Operation Dani command structure,verified,"On July 9–13, 1948, during Operation Dani under the command of Yigal Allon (with Yitzhak Rabin as deputy), Israeli forces captured Lydda and Ramle. In Lydda, city-wide shootings killed hundreds of civilians; the Dahmash Mosque massacre alone claimed 70–250+ lives (estimates vary). Moshe Dayan's 89th Battalion participated in ground operations. Immediately after the takeover, expulsion orders were executed: the entire Palestinian populations of both towns—approximately 50,000–70,000 people, including refugees—were forced to march on foot toward Ramallah in extreme July heat. This 'death march' saw numerous deaths from thirst, heat exhaustion, and deprivation; survivors reported infants dying, people chewing grass for moisture, and soldiers preventing access to water. Total deaths are estimated at 400–1,000 (including in-city killings and march fatalities). No perpetrators were prosecuted. Allon became Deputy Prime Minister; Rabin became Prime Minister and Nobel Peace Prize laureate (1994); Dayan became Defense Minister and Foreign Minister. Rabin's memoir passages describing the expulsion order were censored in 1979, later restored.",16,https://www.jstor.org/stable/4327250;https://www.palquest.org/en/highlight/24073/lydda-9-13-july-1948;https://www.cambridge.org/core/books/birth-of-the-palestinian-refugee-problem-revisited/4A0958EED322D2FAC1D245128A1D44CB;https://web.archive.org/web/20120723132022/http://www.palestine-studies.org/enakba/Memoirs/Munayyer%2C%20The%20Fall%20of%20Lydda.pdf;https://www.palquest.org/en/highlight/24073/lydda-9-13-july-1948;https://www.palquest.org/en/highlight/24073/lydda-9-13-july-1948;https://en.wikipedia.org/wiki/1948_Palestinian_expulsion_from_Lydda_and_Ramle#Rabin's_account;https://www.palquest.org/en/highlight/24073/lydda-9-13-july-1948;https://web.archive.org/web/20120723132022/http://www.palestine-studies.org/enakba/Memoirs/Munayyer%2C%20The%20Fall%20of%20Lydda.pdf;https://en.wikipedia.org/wiki/1948_Palestinian_expulsion_from_Lydda_and_Ramle#Rabin's_account;https://www.palquest.org/en/highlight/24073/lydda-9-13-july-1948;https://web.archive.org/web/20120723132022/http://www.palestine-studies.org/enakba/Memoirs/Munayyer%2C%20The%20Fall%20of%20Lydda.pdf;https://www.palquest.org/en/highlight/24073/lydda-9-13-july-1948;https://www.palquest.org/en/highlight/24073/lydda-9-13-july-1948;https://www.palquest.org/en/highlight/24073/lydda-9-13-july-1948;https://www.palestine-studies.org/en/node/1657540
hist004,Qibya,historical,1953-10-14,19647,Massacre,War Crime; Crimes Against Humanity (UNSC Res 101),"Qibya (Qibyā), Jordanian West Bank","Qibya, West Bank, Palestinian Territories; Village rebuilt; under Israeli occupation since 1967",31.9167,35.0667,69,69,15 documented,15,Temporary evacuation during attack,,IDF Unit 101 (Commander: Ariel Sharon);Paratroop companies;Supporting Israeli regular army units,verified,"The Qibya massacre occurred during heightened tensions along the Jordan-Israel armistice line. Following the October 12, 1953 killing of an Israeli woman and her two children in Yehud, Israel launched 'Operation Shoshana'—a large-scale reprisal attack on the Jordanian village of Qibya. Unit 101, led by 25-year-old Major Ariel Sharon, attacked with approximately half a battalion of soldiers. After a mortar barrage, demolition squads systematically destroyed homes with inhabitants inside using explosives and grenades. Sharon later wrote the operation was meant to be 'an example for everyone' with orders for 'maximal killing and damage to property.' The UN Mixed Armistice Commission condemned the attack as a breach of the Israel-Jordan armistice agreement. The UN Security Council passed Resolution 101 expressing 'strongest censure.' The US State Department called it 'shocking' and suspended economic aid to Israel. Despite international condemnation, no perpetrators were prosecuted.",17,https://www.un.org/unispal/document/auto-insert-177183/;https://www.un.org/unispal/document/auto-insert-177183/;https://www.un.org/unispal/document/auto-insert-177183/;https://www.un.org/unispal/document/auto-insert-177183/;https://www.un.org/unispal/document/auto-insert-177183/;https://www.un.org/unispal/document/auto-insert-177183/;https://www.un.org/unispal/document/auto-insert-177183/;https://www.un.org/unispal/document/auto-insert-177183/;https://www.un.org/unispal/;https://www.un.org/unispal/;https://www.un.org/unispal/document/auto-insert-177183/;https://history.state.gov/historicaldocuments/frus1952-54v09p1/d689;https://history.state.gov/historicaldocuments/frus1952-54v09p1/d689;https://history.state.gov/historicaldocuments/frus1952-54v09p1/d689
hist005,Khan Yunis Massacre,historical,1956-11-03,20771,Massacre,War Crime; Crimes Against Humanity (UNRWA/UN GA Doc A/3512),"Khan Yunis (Khān Yūnis), Egyptian-administered Gaza Strip","Khan Yunis, Gaza Strip, Palestine; Major city; heavily damaged in 2023-2024 conflict",31.3461,34.3063,275-525,525,Unknown number; not systematically documented,,Temporary displacement during operations,,Israel Defense Forces;IDF Intelligence units;Shin Bet security forces,verified,"In October-November 1956, Israel launched Operation Kadesh in coordination with France and the UK's invasion of Egypt during the Suez Crisis. Israeli forces rapidly occupied the Gaza Strip and Sinai Peninsula. During the occupation of Gaza, IDF conducted systematic 'screening' operations ostensibly to identify Egyptian soldiers and Palestinian fighters (fedayeen) who had infiltrated Israel. On November 3, 1956, in Khan Yunis and its refugee camp, Israeli forces conducted mass roundups of male residents. During screenings, curfews, and arbitrary detentions, IDF personnel systematically executed civilians. UNRWA Director for Gaza Affairs compiled detailed victim lists and reported to UN General Assembly that 275 men were killed in Khan Yunis and 111 in nearby Rafah. Palestinian sources documented 415 killed with 57 missing. Methods included shooting during curfew, execution after screening, and arbitrary killings. Bodies were buried in mass graves, including in the streets of Khan Yunis. UNRWA provided names, ages, and circumstances of death for verified victims. Despite international documentation and UN reports, no Israeli personnel were prosecuted. Israel withdrew from Gaza in March 1957 under international pressure, particularly from the United States and Soviet Union.",19,https://www.un.org/unispal/;https://www.un.org/unispal/;https://www.pcbs.gov.ps/;https://www.un.org/unispal/;https://www.icrc.org/;https://www.pcbs.gov.ps/;https://www.un.org/unispal/;https://www.unrwa.org/;https://www.un.org/unispal/;https://www.un.org/unispal/;https://www.un.org/unispal/;https://www.un.org/unispal/;https://www.un.org/unispal/;https://www.un.org/unispal/;https://www.un.org/unispal/;https://www.icrc.org/;https://www.un.org/unispal/
hist006,Six-Day War / Al-Naksa,historical,1967-06-05,24633,Mass Displacement,War Crimes; Violations of IHL; Unlawful Occupation (UNSC Res 242),"West Bank, Gaza Strip, Golan Heights, Sinai Peninsula, Jordanian West Bank, Egyptian Gaza, Syrian Golan, Egyptian Sinai","Occupied Palestinian Territories; Annexed Golan Heights, West Bank and Gaza under Israeli occupation since 1967; East Jerusalem annexed; Golan annexed 1981; Ongoing military occupation; UN recognizes territories as occupied",,,"10,000-15,000 combatants total (all sides); civilian deaths not systematically recorded",15000,Thousands (not systematically recorded),,"300,000-400,000 Palestinians",400000,Israel Defense Forces;Israeli government policy;Military administration of occupied territories,verified,"The Six-Day War erupted on June 5, 1967 when Israel launched preemptive strikes on Egyptian airfields, followed by ground operations. Within six days, Israel occupied the Egyptian-controlled Gaza Strip and Sinai Peninsula, Jordanian-controlled West Bank and East Jerusalem, and Syrian Golan Heights. The rapid Israeli victory fundamentally transformed the Israeli-Palestinian conflict by bringing all of historic Palestine under Israeli control. Mass displacement began immediately. As Israeli forces advanced into the West Bank, panic spread among Palestinians remembering the 1948 Nakba. Estimates of those who fled or were expelled range from 280,000 (Israeli sources) to 400,000+ (Palestinian and UN sources). Approximately 175,000 were refugees from 1948 being displaced a second time. The displacement was not solely a byproduct of combat—Israeli authorities issued military orders preventing return and systematically demolished entire villages. Three villages in the Latrun area (Imwas, Yalo, and Beit Nuba) were completely destroyed by Israeli forces, their 10,000 residents expelled. In Jerusalem's Old City, the Moroccan Quarter was bulldozed days after occupation to create a plaza at the Western Wall. UN Security Council Resolution 242 called for 'withdrawal of Israeli armed forces from territories occupied' and for 'achieving a just settlement of the refugee problem,' but Israel has maintained occupation for over 55 years. The 1967 displacement and subsequent occupation created the framework for the current Israeli-Palestinian conflict.",23,https://www.unrwa.org/palestine-refugees;https://www.unrwa.org/;https://www.zochrot.org/;https://en.wikipedia.org/wiki/Moshe_Dayan;https://www.zochrot.org/;https://www.un.org/unispal/;https://www.icrc.org/;https://www.un.org/unispal/;https://en.wikipedia.org/wiki/Six-Day_War;https://www.un.org/unispal/;https://www.zochrot.org/;https://en.wikipedia.org/wiki/Moroccan_Quarter;https://www.un.org/unispal/;https://www.btselem.org/;https://www.un.org/unispal/;https://www.un.org/unispal/;https://en.wikipedia.org/wiki/Moroccan_Quarter;https://www.btselem.org/;https://www.un.org/unispal/;https://www.unrwa.org/;https://www.icrc.org/
hist007,Sabra and Shatila,historical,1982-09-16,30212,Massacre,War Crime; Crimes Against Humanity; Genocide (UNSC Res 521; Kahan Commission),"Sabra and Shatila refugee camps, Beirut, Lebanon (under Israeli military control)","Sabra and Shatila, Beirut, Lebanon; Camps still exist; memorial sites established",33.8547,35.4881,"800-3,500",3500,Hundreds (not systematically recorded),,Survivors fled camps; infrastructure destroyed,,Lebanese Forces (Phalangist militia);Israeli Defense Forces (facilitation and responsibility);Defense Minister Ariel Sharon (personal responsibility per Kahan Commission),verified,"The Sabra and Shatila massacre occurred during Israel's 1982 invasion of Lebanon ('Operation Peace for Galilee'). After the assassination of Lebanese President-elect Bachir Gemayel on September 14, 1982, Israeli Defense Minister Ariel Sharon ordered IDF forces to occupy West Beirut, ostensibly to maintain order. On September 16, Sharon authorized Lebanese Phalangist militias to enter the Sabra and Shatila Palestinian refugee camps, claiming they would 'mop up' remaining PLO fighters—though PLO forces had evacuated weeks earlier under international agreement. For approximately 40 hours (September 16-18), Phalangist militiamen systematically killed Palestinian civilians, including women, children, and elderly persons. Israeli forces surrounded the camps, controlled all entry and exit points, provided logistical support, and fired illumination flares throughout the nights allowing the killings to continue after dark. Israeli commanders received reports of civilian massacres but did not intervene. Methods included shooting, stabbing, decapitation, mutilation. Bodies were dumped in mass graves or left in streets. The exact death toll remains disputed. Lebanon's official investigation documented approximately 800 killed; the Palestinian Red Crescent estimated 3,500; various international sources cite 2,000-3,500. The Israeli Kahan Commission investigated and found Defense Minister Sharon bore 'personal responsibility' for the massacre, recommending his removal. Sharon resigned as Defense Minister but remained in cabinet without portfolio, later serving as Israeli Prime Minister (2001-2006). Multiple international legal attempts to prosecute him failed.",26,https://www.un.org/unispal/;http://www.palestinercs.org/;https://www.mfa.gov.il/mfa/foreignpolicy/mfadocuments/yearbook6/pages/104%20report%20of%20the%20commission%20of%20inquiry%20into%20the%20e.aspx;https://www.mfa.gov.il/mfa/foreignpolicy/mfadocuments/yearbook6/pages/104%20report%20of%20the%20commission%20of%20inquiry%20into%20the%20e.aspx;https://www.un.org/unispal/;http://www.palestinercs.org/;https://www.breakingthesilence.org.il/;https://www.mfa.gov.il/mfa/foreignpolicy/mfadocuments/yearbook6/pages/104%20report%20of%20the%20commission%20of%20inquiry%20into%20the%20e.aspx;https://www.mfa.gov.il/mfa/foreignpolicy/mfadocuments/yearbook6/pages/104%20report%20of%20the%20commission%20of%20inquiry%20into%20the%20e.aspx;https://www.mfa.gov.il/mfa/foreignpolicy/mfadocuments/yearbook6/pages/104%20report%20of%20the%20commission%20of%20inquiry%20into%20the%20e.aspx;https://www.icrc.org/;https://www.mfa.gov.il/mfa/foreignpolicy/mfadocuments/yearbook6/pages/104%20report%20of%20the%20commission%20of%20inquiry%20into%20the%20e.aspx;https://www.icrc.org/;https://history.state.gov/;https://peacenow.org.il/;https://www.mfa.gov.il/mfa/foreignpolicy/mfadocuments/yearbook6/pages/104%20report%20of%20the%20commission%20of%20inquiry%20into%20the%20e.aspx;https://www.mfa.gov.il/mfa/foreignpolicy/mfadocuments/yearbook6/pages/104%20report%20of%20the%20commission%20of%20inquiry%20into%20the%20e.aspx;https://www.un.org/unispal/;https://www.mfa.gov.il/mfa/foreignpolicy/mfadocuments/yearbook6/pages/104%20report%20of%20the%20commission%20of%20inquiry%20into%20the%20e.aspx;https://www.un.org/unispal/;https://www.icrc.org/;https://www.mfa.gov.il/mfa/foreignpolicy/mfadocuments/yearbook6/pages/104%20report%20of%20the%20commission%20of%20inquiry%20into%20the%20e.aspx;https://www.un.org/unispal/
hist008,First Intifada,historical,1987-12-08,34225,Mass Casualties / Uprising,Mass Casualties / Uprising,"West Bank, Gaza Strip, East Jerusalem, Israeli-occupied Palestinian territories since 1967","Occupied Palestinian Territories, West Bank under Israeli military occupation; Gaza under blockade since 2007, Continued occupation; First Intifada led to Oslo Accords and creation of Palestinian Authority",31.9,35.2,"1,087-1,284 Palestinians; 160-200 Israelis",1284,"120,000+ Palestinians injured; 3,100 Israeli soldiers/civilians injured",120000,Thousands displaced through home demolitions,,Israel Defense Forces;Israeli Border Police;Israeli Civil Administration;Shin Bet (Israeli Security Service);Israeli settler violence,verified,"On December 8, 1987, an Israeli army truck collided with civilian vehicles at the Erez checkpoint in Gaza, killing four Palestinian workers from Jabalia refugee camp. Palestinians believed it was deliberate revenge for the stabbing death of an Israeli in Gaza two days earlier. The following day, December 9, massive protests erupted in Jabalia. When 17-year-old Hatem al-Sisi was shot dead by Israeli soldiers, the uprising exploded across Gaza, East Jerusalem, and the West Bank within days. What began as spontaneous protests transformed into organized, sustained civil resistance coordinated by grassroots committees and later by the United National Leadership of the Uprising (UNLU). The Intifada was characterized by largely non-violent tactics: general strikes, tax resistance, boycotts of Israeli products, and civil disobedience. Palestinian youth confronted Israeli soldiers with stones and Molotov cocktails. The Israeli response was brutal. Defense Minister Yitzhak Rabin issued orders to use 'force, might, and beatings' and to 'break bones' of demonstrators. Soldiers systematically beat protesters, fired live ammunition at stone-throwers, and used tear gas extensively. In the first year alone, Israeli forces killed at least 300 Palestinians and wounded tens of thousands. By 1990, the death toll exceeded 1,000. The uprising exacted an enormous toll: 1,087-1,284 Palestinians killed (including 241-332 children), over 120,000 wounded, approximately 20,000 arrested in the first year alone (with estimates reaching 120,000 total over six years), 2,532 homes demolished, and 481 Palestinians deported. Approximately 160-200 Israelis (soldiers and civilians) were killed during the same period. International condemnation was swift—the UN Security Council condemned Israel's response, and even the Reagan Administration criticized the 'harsh security measures and excessive use of live ammunition.' The Intifada forced recognition of Palestinian national aspirations, led to the Madrid Conference (1991) and secret Oslo negotiations, culminating in the September 1993 Oslo Accords which created the Palestinian Authority and promised future statehood—though these promises remain unfulfilled over 30 years later.",32,https://www.btselem.org/statistics/first_intifada_tables; https://www.aljazeera.com/gallery/2023/12/8/history-illustrated-the-first-intifada-against-israel;https://www.btselem.org/;https://www.btselem.org/;https://remix.aljazeera.com/aje/PalestineRemix/stories-from-the-intifada.html; https://www.pbs.org/wnet/women-war-and-peace/uncategorized/what-you-need-to-know-about-the-1987-intifada/;https://remix.aljazeera.com/aje/PalestineRemix/stories-from-the-intifada.html;https://www.btselem.org/;https://www.un.org/unispal/;https://www.palquest.org/en/highlight/29773/first-intifada-1987-1993;https://www.palquest.org/en/highlight/29773/first-intifada-1987-1993;https://www.un.org/unispal/;https://www.btselem.org/;https://remix.aljazeera.com/aje/PalestineRemix/stories-from-the-intifada.html;https://www.aljazeera.com/gallery/2023/12/8/history-illustrated-the-first-intifada-against-israel; https://www.britannica.com/topic/intifada;https://www.palquest.org/en/highlight/29773/first-intifada-1987-1993;https://www.jewishvirtuallibrary.org/first-intifada;https://www.palquest.org/en/highlight/29773/first-intifada-1987-1993;https://www.palquest.org/en/highlight/29773/first-intifada-1987-1993;https://warwingsdaily.com/wars/the-first-intifada-1987-1993/;https://www.palquest.org/en/highlight/29773/first-intifada-1987-1993;https://www.britannica.com/topic/intifada;https://www.jewishvirtuallibrary.org/first-intifada;https://www.pbs.org/wnet/women-war-and-peace/uncategorized/what-you-need-to-know-about-the-1987-intifada/;https://www.pbs.org/wnet/women-war-and-peace/uncategorized/what-you-need-to-know-about-the-1987-intifada/;https://www.aljazeera.com/gallery/2023/12/8/history-illustrated-the-first-intifada-against-israel; https://www.britannica.com/topic/intifada;https://www.btselem.org/;https://www.palquest.org/en/highlight/29773/first-intifada-1987-1993;https://www.btselem.org/;https://www.btselem.org/;https://www.un.org/unispal/;https://www.btselem.org/
hist009,Cave of the Patriarchs Massacre,historical,1994-02-25,34411,Massacre / Mass Shooting,War Crime; Crimes Against Humanity; State Responsibility (UNSC Res 904),"Al-Ibrahimi Mosque (Cave of the Patriarchs), Hebron, West Bank, Israeli-occupied West Bank; Hebron under Israeli military control (H2 area)","Hebron Old City, West Bank, H2 area under full Israeli military control since 1997 Hebron Protocol; Ibrahimi Mosque divided 60% for Jews, 40% for Muslims since massacre; Old City strangled by checkpoints, closures, settler violence",31.5266,35.0948,50-60 Palestinians total (29 in mosque shooting + 25+ killed by Israeli forces during protests),60,125+ in mosque; hundreds more during protests,125,Mass exodus from Hebron Old City due to closures and restrictions,,Baruch Goldstein (direct perpetrator);Kach movement (ideological support);Israeli military (facilitation through absence/inaction);Israeli government (collective punishment of victims after massacre),verified,"Baruch Goldstein was born Benjamin Carl Goldstein in Brooklyn, New York in 1956 to an Orthodox Jewish family. In the 1970s, he became a charter member of the Jewish Defense League (JDL), a militant organization founded by Rabbi Meir Kahane. After graduating from Yeshiva University's Albert Einstein College of Medicine, Goldstein emigrated to Israel in 1983. He served as a physician in the Israel Defense Forces and later settled in Kiryat Arba, an extremist settlement adjacent to Hebron. Goldstein was an active member of Kach, Kahane's ultranationalist party, and was third on its list for the 1984 Knesset elections. Israeli press reported that Goldstein refused to treat Arabs, even Arab soldiers serving in the IDF, believing it violated Jewish religious law to treat non-Jews. He compared Israel's democracy to Nazism and wore a yellow star marked 'JUDE' in protest. In the weeks before the massacre, Goldstein made ominous statements and was involved in violent incidents at the mosque, including pouring acid on carpets. Palestinian authorities wrote to Prime Minister Rabin warning about Goldstein's dangerous behavior, but no action was taken. On the morning of February 25, 1994, the 15th day of Ramadan, worshippers noticed the unusual absence of Israeli soldiers from their normal positions around the Ibrahimi Mosque despite tensions the previous evening. At approximately 5:30 AM, as Imam Khalil Muhsen Jabari led hundreds in Fajr (dawn) prayer, Goldstein entered the Isaac Hall—the main prayer area—dressed in his IDF reserve uniform and carrying a Galil assault rifle and pistol. He positioned himself behind a pillar at the rear of the hall. When worshippers prostrated (sujood position), Goldstein opened fire. He reloaded multiple times, methodically shooting prostrate worshippers who were trapped and defenseless. Survivors report the shooting continued for ten minutes. Some eyewitnesses claim they saw additional gunmen, though Israeli investigations denied this. When worshippers finally overcame Goldstein, they beat him to death. By then, 29 Palestinians lay dead—including children as young as 11—and 125 were wounded. The horror did not end with the shooting. Israeli soldiers present at the mosque closed the gates, trapping survivors inside with the dead and wounded, and preventing medical help from entering. When the gates finally opened, Israeli forces fired on protesters outside, killing more Palestinians. Over the next three weeks, as news of the massacre spread, Palestinians rioted throughout Hebron and the West Bank. Israeli forces killed at least 25 more Palestinians during these protests, including at victims' funerals. The total death toll reached 50-60. Israel's response was to punish the victims: a six-month closure of Hebron; formation of the one-sided Shamgar Commission whose recommendations all favored settlers; partition of the Ibrahimi Mosque giving 60% to Jews (who comprised 0.003% of Hebron's population); closure of 520 businesses and 1,800 shops in the Old City; sealing of Shuhada Street (the main commercial artery); and a network of military checkpoints suffocating Palestinian life. The massacre achieved Goldstein's goal: it did not stop Oslo, but it transformed Hebron into a strangled city, its Old City a ghost town, its Palestinian population subjected to daily humiliation while a few hundred extremist settlers lived under heavy military protection.",24,https://www.palestine-studies.org/en/node/1652605;https://www.aljazeera.com/news/2016/2/26/remembering-the-ibrahimi-mosque-massacre;https://www.hebronrc.ps/en/node/27;https://english.wafa.ps/Pages/Details/128189;https://www.middleeastmonitor.com/20210227-the-massacre-of-ibrahimi-mosque/;https://www.middleeastmonitor.com/20210227-the-massacre-of-ibrahimi-mosque/;https://www.aljazeera.com/news/2016/2/26/remembering-the-ibrahimi-mosque-massacre;https://www.hebronrc.ps/en/node/27;https://www.aa.com.tr/en/middle-east/palestine-27-years-since-ibrahimi-mosque-massacre/2156877;https://www.middleeastmonitor.com/20210227-the-massacre-of-ibrahimi-mosque/;https://jacobin.com/2023/02/ibrahimi-mosque-massacre-anniversary-kahanism-hebron-itamar-ben-gvir-israel-far-right;https://www.aljazeera.com/news/2016/2/26/remembering-the-ibrahimi-mosque-massacre;https://www.aljazeera.com/news/2016/2/26/remembering-the-ibrahimi-mosque-massacre;https://www.aa.com.tr/en/middle-east/palestine-27-years-since-ibrahimi-mosque-massacre/2156877;https://english.wafa.ps/Pages/Details/133561;https://english.wafa.ps/Pages/Details/128189;https://jacobin.com/2023/02/ibrahimi-mosque-massacre-anniversary-kahanism-hebron-itamar-ben-gvir-israel-far-right;https://www.aljazeera.com/news/2016/2/26/remembering-the-ibrahimi-mosque-massacre;https://www.aljazeera.com/news/2016/2/26/remembering-the-ibrahimi-mosque-massacre;https://www.middleeastmonitor.com/20210227-the-massacre-of-ibrahimi-mosque/;https://www.middleeastmonitor.com/20210227-the-massacre-of-ibrahimi-mosque/
hist010,Second Intifada,historical,2000-09-28,38717,Armed Uprising / Mass Casualties,War Crimes; Violations of IHL (UN Special Rapporteur; HRW; Amnesty),"West Bank, Gaza Strip, Israel, Israeli-occupied Palestinian territories and Israel proper","Occupied Palestinian Territories and Israel, West Bank under Israeli military occupation with PA limited control; Gaza under blockade; Second Intifada led to Israeli disengagement from Gaza (2005), construction of separation barrier, and collapse of peace process",,,"3,200-4,800 Palestinians; 1,000-1,100 Israelis",4800,"45,000+ Palestinians; 7,500+ Israelis",45000,Thousands displaced through home demolitions and military operations,,"Palestinian armed groups (Hamas, Islamic Jihad, Al-Aqsa Martyrs' Brigades, PFLP);Israel Defense Forces;Israeli government policy;Israeli settlers",verified,"The Second Intifada's immediate trigger was Ariel Sharon's September 28, 2000 visit to the Temple Mount/Haram al-Sharif, accompanied by 1,000 Israeli police. Palestinians viewed this as deliberate provocation at one of Islam's holiest sites by a figure they associated with past massacres (Sabra and Shatila 1982, Qibya 1953). Protests erupted immediately. The next day, September 29 (a Friday), after prayers at Al-Aqsa Mosque, Israeli police fired on Palestinian demonstrators, killing 7 and wounding over 300. By October 1, violence had spread throughout the occupied territories and into Israel. Thirteen Palestinian citizens of Israel were shot dead by Israeli police during protests inside Israel proper. Within two weeks, 100 Palestinians and 10 Israelis had been killed. The uprising's deeper causes lay in the failure of the Oslo peace process: seven years after Oslo, Palestinians remained under occupation, settlements had doubled, movement restrictions had increased, and statehood seemed further away than ever. Unlike the First Intifada's stones and civil disobedience, the Second Intifada quickly became armed conflict. Palestinian militant groups—Hamas, Islamic Jihad, Al-Aqsa Martyrs' Brigades (affiliated with Fatah), and PFLP—launched devastating suicide bombing campaigns targeting Israeli civilians in buses, restaurants, markets, and nightclubs. The peak came in March 2002 with the Passover massacre at Park Hotel in Netanya (30 killed), triggering Israel's massive Operation Defensive Shield. Israel responded with overwhelming military force: helicopter gunships, F-16 fighter jets, tanks, and bulldozers deployed in densely populated Palestinian areas. Targeted assassinations by helicopter missile strikes often killed bystanders. Entire cities were placed under curfew for months. The 2002 siege of Jenin refugee camp became emblematic: Israeli forces demolished 140+ buildings, killed 52 Palestinians (23 civilians), and faced international accusations of war crimes. By the Second Intifada's end in late 2005, the toll was catastrophic: 3,223-4,789 Palestinians killed (including 700+ children, 47% civilians); 1,024-1,100 Israelis killed (including 300+ children, 64% civilians); 45,000+ Palestinians wounded; 7,500+ Israelis wounded; approximately 40,000-50,000 Palestinians imprisoned; and massive infrastructure destruction. Israel unilaterally withdrew from Gaza in August 2005 while accelerating settlement expansion in the West Bank. The separation barrier was constructed—declared illegal by the International Court of Justice—confiscating thousands of acres of Palestinian land. The Second Intifada destroyed what remained of the peace process, entrenched the occupation, empowered Hamas, and created the siege of Gaza. It established patterns that continue today: Palestinian resistance met with disproportionate Israeli force; suicide bombings used to justify collective punishment; negotiated peace deemed impossible. The human cost was immense on both sides, but the political outcome was clear: Israeli control deepened while Palestinian freedom receded further.",33,https://www.btselem.org/statistics/fatalities/after-cast-lead/by-date-of-event;https://www.palestinercs.org/;https://www.btselem.org/;https://www.moh.gov.ps/;https://mfa.gov.il/;https://www.addameer.org/;https://www.btselem.org/;https://www.hrw.org/;https://www.breakingthesilence.org.il/;https://www.hrw.org/;https://www.icj-cij.org/;https://www.cfr.org/timeline/israeli-palestinian-conflict;https://www.britannica.com/event/intifada-Palestinian-movement;https://www.cfr.org/timeline/israeli-palestinian-conflict;https://www.britannica.com/event/intifada-Palestinian-movement;https://www.cfr.org/timeline/israeli-palestinian-conflict;https://www.britannica.com/event/intifada-Palestinian-movement;https://www.btselem.org/;https://www.btselem.org/;https://www.hrw.org/;https://www.cfr.org/timeline/israeli-palestinian-conflict;https://www.btselem.org/;https://www.hrw.org/;https://www.britannica.com/event/intifada-Palestinian-movement;https://www.mfa.gov.il/;https://www.btselem.org/;https://www.btselem.org/statistics;https://www.addameer.org/;https://www.icj-cij.org/
hist011,Battle of Jenin,historical,2002-04-03,37357,Military Operation / Urban Warfare,War Crimes (HRW prima facie); Violations of IHL,"Jenin Refugee Camp, Jenin, West Bank, Palestinian Authority Area A (full Palestinian control until reoccupation)","Jenin Refugee Camp, West Bank, Under Israeli military occupation; PA has limited security control; Camp rebuilt but remains flashpoint; frequent Israeli military raids; site of ongoing violence",32.4644,35.2956,"52 Palestinians (22 civilians, 27 combatants, 3 unclear); 23 Israeli soldiers",52,Hundreds of Palestinians wounded; unknown number of Israeli soldiers wounded,,"4,000 Palestinians rendered homeless",4000,Israel Defense Forces;Israeli government (Operation Defensive Shield policy);Specific IDF units involved in demolitions and civilian killings,verified,"Jenin refugee camp was established in 1953 to house Palestinians displaced during the 1948 Nakba, primarily from Haifa and surrounding villages. By 2002, approximately 14,000 refugees lived in the densely packed camp covering just one square kilometer. Under the Oslo Accords, Jenin came under full Palestinian Authority control in 1995 (Area A). However, the camp became a stronghold for Palestinian militant groups during the Second Intifada. According to both Israeli and Palestinian sources, an estimated 80-100 armed fighters from Hamas, Islamic Jihad, Al-Aqsa Martyrs' Brigades, and Tanzim operated from the camp. Israel claimed 28 suicide attacks between October 2000 and April 2002 were planned and launched from Jenin. After the devastating Passover massacre at Park Hotel in Netanya killed 30 Israeli civilians on March 27, 2002, the Israeli government launched Operation Defensive Shield—the largest military operation in the West Bank since 1967. Jenin refugee camp was identified as a primary target. On April 3, 2002, approximately 200 Israeli tanks surrounded Jenin refugee camp. Apache helicopters and F-16 fighter jets provided air support. The IDF's stated objective was to 'destroy the operational infrastructure of militant organizations' and capture or kill those responsible for suicide bombings. Palestinian militants had anticipated the assault and extensively prepared the camp's defense: they planted dozens of explosive charges in water pipes, kitchen cabinets, doorways, and streets; created booby traps throughout the camp; fortified positions in buildings; and prepared ambush sites. The IDF began house-to-house searches, advancing slowly through narrow alleys. On April 9, the sixth day of the operation, 13 Israeli soldiers were killed in a devastating ambush—Palestinian fighters lured an IDF unit into a narrow alley and detonated massive explosives, collapsing buildings on the soldiers. This was the deadliest single incident for the IDF during the entire Second Intifada. Following this catastrophic loss, Israeli military tactics changed dramatically. After the April 9 ambush, the IDF deployed massive American-made Caterpillar D-9 armored bulldozers—60-ton machines with armor plating that could demolish multi-story buildings in minutes. Rather than continuing dangerous house-to-house combat, bulldozers began systematically demolishing buildings to create wide paths for tanks and to eliminate potential ambush sites. Human Rights Watch investigators documented that bulldozers demolished over 140 buildings, destroying approximately 10% of the entire camp's structures. Many buildings were demolished with families still trapped inside—some residents were crushed to death, others buried alive in rubble. The IDF enforced total siege: no one allowed in or out; medical access blocked for 11 days (April 4-15); ambulances fired upon; water and electricity cut off; food prevented from entering. Farwa Jammal, a 27-year-old uniformed nurse, was shot dead by IDF fire while treating a wounded civilian. At least two injured civilians died because Israeli soldiers prevented ambulances from reaching them for over 36 hours. When Human Rights Watch investigators finally gained access on April 19, they found scenes of massive destruction: entire neighborhoods reduced to rubble, bodies still buried under collapsed buildings, and evidence of willful killings. Their 52-page report concluded: 'Israeli forces committed serious violations of international humanitarian law, some amounting prima facie to war crimes.' The UN attempted to launch an investigation, but Israel blocked the fact-finding mission. Final toll: 52 Palestinians killed (22 civilians—including a 14-year-old boy, wheelchair-bound elderly man, and women), 23 Israeli soldiers killed, over 140 buildings demolished, 4,000 people rendered homeless.",34,https://www.hrw.org/report/2002/05/02/jenin/idf-military-operations;https://www.hrw.org/reports/2002/israel3/israel0502-05.htm;https://www.inss.org.il/wp-content/uploads/sites/2/systemfiles/(FILE)1190277272.pdf;https://www.hrw.org/report/2002/05/02/jenin/idf-military-operations;https://www.unrwa.org/;https://www.palestinercs.org/;https://www.hrw.org/report/2002/05/02/jenin/idf-military-operations;https://www.hrw.org/reports/2002/israel3/israel0502-05.htm;https://www.middleeastmonitor.com/20200414-we-must-never-forget-israels-massacre-in-jenin/;https://www.hrw.org/news/2002/05/02/israel/occupied-territories-jenin-war-crimes-investigation-needed;https://www.un.org/unispal/document/auto-insert-187399/;https://www.breakingthesilence.org.il/;https://www.amnesty.org/;https://www.hrw.org/report/2002/05/02/jenin/idf-military-operations;https://www.un.org/unispal/document/auto-insert-187399/;https://www.hrw.org/report/2002/05/02/jenin/idf-military-operations;https://www.hrw.org/report/2002/05/02/jenin/idf-military-operations;https://www.hrw.org/news/2002/05/02/israel/occupied-territories-jenin-war-crimes-investigation-needed;https://www.inss.org.il/wp-content/uploads/sites/2/systemfiles/(FILE)1190277272.pdf;https://www.hrw.org/reports/2002/israel3/israel0502-05.htm;https://www.hrw.org/news/2002/05/02/israel/occupied-territories-jenin-war-crimes-investigation-needed;https://www.hrw.org/report/2002/05/02/jenin/idf-military-operations;https://www.hrw.org/report/2002/05/02/jenin/idf-military-operations;https://www.un.org/unispal/document/auto-insert-187399/;https://www.hrw.org/report/2002/05/02/jenin/idf-military-operations;https://www.hrw.org/news/2002/05/02/israel/occupied-territories-jenin-war-crimes-investigation-needed;https://www.hrw.org/news/2002/08/01/un-jenin-report;https://www.hrw.org/reports/2002/israel3/israel0502-05.htm;https://www.hrw.org/news/2002/05/02/israel/occupied-territories-jenin-war-crimes-investigation-needed;https://www.hrw.org/news/2002/05/02/israel/occupied-territories-jenin-war-crimes-investigation-needed;https://www.un.org/unispal/document/auto-insert-187399/;https://www.inss.org.il/wp-content/uploads/sites/2/systemfiles/(FILE)1190277272.pdf
hist012,Operation Cast Lead,historical,2008-12-27,39831,Military Operation,War Crimes; Crimes Against Humanity (UN Goldstone Report),"Gaza Strip, Gaza, Hamas-governed Gaza Strip under Israeli blockade since 2007","Gaza Strip, Under Israeli blockade and occupation; governed by Hamas, Ongoing blockade since 2007; reconstruction incomplete",31.5,34.47,"1,383-1,419 Palestinians; 13 Israelis (10 soldiers, 3 civilians)",1419,"5,300+ Palestinians; 518 Israelis",5300,"20,000+ Palestinians made homeless",20000,Israel Defense Forces;Israeli Air Force;Ground forces and naval units,verified,"Operation Cast Lead began at 11:30 AM on December 27, 2008, when Israeli F-16 fighter jets and Apache helicopters simultaneously struck over 100 pre-planned targets across Gaza within 220 seconds. The opening attacks hit police stations—including during a graduation ceremony for new officers, killing 99 police personnel—government buildings, and Hamas infrastructure. By the end of the first day, at least 230 Palestinians were killed. The aerial bombardment continued for seven days before Israeli ground forces invaded Gaza from the north and east on January 3, 2009. The navy simultaneously shelled from offshore. Over 22 days, Israeli forces conducted what the UN investigation described as a deliberately disproportionate attack designed to punish, humiliate and terrorize a civilian population. The operation involved widespread destruction of civilian infrastructure including hospitals, schools, mosques, United Nations facilities, water installations, and sewage treatment plants. Multiple incidents documented by the UN mission and human rights organizations revealed patterns of violations: the Samouni family massacre where soldiers forced approximately 100 civilians into a building then shelled it killing 21; the Al-Daya family airstrike killing 22 civilians; several cases where soldiers shot civilians carrying white flags; and extensive use of white phosphorus munitions in densely populated areas. The Palestinian Centre for Human Rights documented 1,419 Palestinian deaths including 1,167 civilians, while B'Tselem reported 1,385 killed including 762 noncombatants and 318 minors.",33,https://www.pchrgaza.org/;https://www.ochaopt.org/content/eight-years-after-2008-2009-cast-lead-hostilities-gaza-lack-accountability-persists;https://www.ochaopt.org/;https://www.un.org/unispal/;https://imeu.org/;https://www.idf.il/;https://www.ohchr.org/en/hr-bodies/hrc/special-sessions/session9/fact-finding-mission;https://www.ohchr.org/en/hr-bodies/hrc/special-sessions/session9/fact-finding-mission;https://www.amnesty.org/;https://www.un.org/unispal/;https://www.breakingthesilence.org.il/;https://www.icrc.org/en/doc/resources/documents/news-release/2009-and-earlier/palestine-news-070109.htm;https://www.amnesty.org/en/wp-content/uploads/2021/06/mde150152009en.pdf;https://www.hrw.org/report/2009/08/13/white-flag-deaths/killings-palestinian-civilians-during-operation-cast-lead;https://www.un.org/unispal/;https://www.ochaopt.org/;https://www.ohchr.org/en/hr-bodies/hrc/special-sessions/session9/fact-finding-mission;https://www.amnesty.org/en/wp-content/uploads/2021/06/mde150152009en.pdf;https://www.ochaopt.org/;https://www.ohchr.org/en/hr-bodies/hrc/special-sessions/session9/fact-finding-mission;https://www.ochaopt.org/content/eight-years-after-2008-2009-cast-lead-hostilities-gaza-lack-accountability-persists;https://www.hrw.org/report/2009/08/13/white-flag-deaths/killings-palestinian-civilians-during-operation-cast-lead;https://www.ohchr.org/en/hr-bodies/hrc/special-sessions/session9/fact-finding-mission;https://www.un.org/unispal/;https://www.ohchr.org/en/hr-bodies/hrc/special-sessions/session9/fact-finding-mission;https://www.ohchr.org/en/hr-bodies/hrc/special-sessions/session9/fact-finding-mission;https://www.un.org/unispal/;https://www.ochaopt.org/content/eight-years-after-2008-2009-cast-lead-hostilities-gaza-lack-accountability-persists;https://www.hrw.org/report/2009/08/13/white-flag-deaths/killings-palestinian-civilians-during-operation-cast-lead;https://www.amnesty.org/en/wp-content/uploads/2021/06/mde150152009en.pdf;https://www.ohchr.org/en/hr-bodies/hrc/special-sessions/session9/fact-finding-mission;https://www.ohchr.org/en/hr-bodies/hrc/special-sessions/session9/fact-finding-mission;https://www.ohchr.org/en/hr-bodies/hrc/special-sessions/session9/fact-finding-mission
hist013,Operation Pillar of Defense,historical,2012-11-14,41234,"Military Operation, Airstrikes, Civilian Casualties",War Crimes; Violations of IHL (B'Tselem May 2013 Report),"Gaza Strip, Palestinian territory under Israeli blockade since 2007, governed by Hamas","Gaza Strip; Palestinian territory, Israeli-occupied since 1967, Hamas-governed since 2007; Under blockade; subject to recurring Israeli military operations",31.5017,34.4668,"167 Palestinian, 6 Israeli",167,"11,100+ Palestinian, 1,600+ Israeli",11100,Not documented; blockade reinforced post-operation,,Israel Defense Forces (IDF);Israeli Air Force (IAF);Israeli Navy,verified,"On November 14, 2012, at approximately 15:45, the Israeli Air Force assassinated Ahmed al-Jabari, head of Hamas's military wing, marking the start of Operation Pillar of Defense. Over eight days, the IDF struck approximately 1,500 targets across Gaza—including underground rocket launchers, arms-smuggling tunnels, weapons storage facilities, and residences of Hamas officials. Unlike Operation Cast Lead (2008-09), no ground incursion occurred. According to B'Tselem's field investigations published May 2013, the operation killed 167 Palestinians: at least 87 civilians who did not participate in hostilities (52%), including 32 children; 62 combatants; 7 targets of assassinations; and 11 of unknown status. The UN Protection Cluster documented over 11,100 injuries, including 3,374 children. Analysis reveals 80% of civilian deaths occurred in the final four days, when the ratio of civilian to combatant deaths reversed sharply. Six Israelis died from Palestinian rocket fire: four civilians and two security personnel. Palestinian groups fired 1,667 rockets toward Israel (ISA figures); 436 were intercepted by Iron Dome. Hamas also executed at least 6-7 Palestinians accused of collaboration during the operation. B'Tselem investigated nine specific incidents raising 'grave suspicions' of IHL violations, including attacks killing children working in fields, families in homes without warnings, and civilians during Arab foreign ministers' visit. The IDF Spokesperson initially admitted 'probable error' in strike killing 12 members of al-Dalu family, but MAG Corps later closed case without prosecution.",29,https://www.btselem.org/download/201305_pillar_of_defense_operation_eng.pdf;https://www.btselem.org/download/201305_pillar_of_defense_operation_eng.pdf;https://www.btselem.org/download/201305_pillar_of_defense_operation_eng.pdf;https://www.btselem.org/download/201305_pillar_of_defense_operation_eng.pdf;https://www.un.org/unispal/document/auto-insert-201184/;https://www.ochaopt.org/content/key-figures-2014-hostilities;https://www.un.org/unispal/document/auto-insert-201184/;https://www.btselem.org/download/201305_pillar_of_defense_operation_eng.pdf;https://www.btselem.org/download/201305_pillar_of_defense_operation_eng.pdf;https://www.btselem.org/download/201305_pillar_of_defense_operation_eng.pdf;https://www.btselem.org/download/201305_pillar_of_defense_operation_eng.pdf;https://www.btselem.org/download/201305_pillar_of_defense_operation_eng.pdf;https://www.btselem.org/download/201305_pillar_of_defense_operation_eng.pdf;https://www.un.org/unispal/document/auto-insert-188596/;https://www.btselem.org/download/201305_pillar_of_defense_operation_eng.pdf;https://www.btselem.org/download/201305_pillar_of_defense_operation_eng.pdf;https://www.btselem.org/download/201305_pillar_of_defense_operation_eng.pdf;https://www.btselem.org/download/201305_pillar_of_defense_operation_eng.pdf;https://www.un.org/unispal/document/auto-insert-188596/; https://www.btselem.org/download/201305_pillar_of_defense_operation_eng.pdf;https://www.btselem.org/download/201305_pillar_of_defense_operation_eng.pdf;https://www.btselem.org/download/201305_pillar_of_defense_operation_eng.pdf;https://www.un.org/unispal/document/auto-insert-201184/;https://www.ochaopt.org/content/key-figures-2014-hostilities;https://www.un.org/unispal/document/auto-insert-188596/;https://www.haaretz.com/news/diplomacy-defense/as-idf-strike-kills-entire-family-in-gaza-israel-is-starting-to-get-into-trouble-1.478879;https://www.gov.il/;https://www.terrorism-info.org.il/;https://www.mezan.org/en;https://www.hrw.org/
hist014,Operation Protective Edge,historical,2014-07-07,41877,Military Operation,War Crimes; Crimes Against Humanity (UN Commission of Inquiry 2015),"Gaza Strip and Southern Israel, Hamas-governed Gaza Strip under Israeli blockade since 2007","Gaza Strip, Under Israeli blockade; governed by Hamas; Reconstruction incomplete; ongoing blockade; infrastructure severely damaged",,,"2,251 Palestinians (1,462 civilians, 551 children, 299 women); 73 Israelis (67 soldiers, 6 civilians)",2251,"11,231 Palestinians (3,436 children); 1,600 Israelis (270 children)",11231,"500,000 Palestinians (1/3 of Gaza's population); 100,000 remained displaced one year later",500000,Israel Defense Forces;Israeli Air Force;Israeli Artillery;Hamas military wing (Izz ad-Din al-Qassam Brigades);Palestinian Islamic Jihad;Hamas authorities in Gaza,verified,"Operation Protective Edge began on July 7, 2014, ostensibly in response to escalating rocket fire from Gaza, but in a context of heightened tensions following the abduction and murder of three Israeli teenagers in the West Bank in June. Israel launched massive airstrikes across Gaza, conducting over 6,000 air raids in 51 days. The operation had three phases: an initial week of intensive aerial bombardment, a ground invasion beginning July 17 aimed at destroying cross-border tunnels, and a final phase from August 5 characterized by alternating ceasefires and continued strikes. The stated objectives were to stop rocket attacks and destroy Hamas's military infrastructure and tunnel network. The human toll was unprecedented. The UN Commission of Inquiry documented 2,251 Palestinian deaths, with 1,462 identified as civilians—65% of all deaths. Among the dead were 551 children and 299 women. Entire families were wiped out in single strikes: 18 members of the Al-Batsh family killed on July 13, 17 members of the Abu Jame family on July 20, 26 members of the Al-Najjar family on July 20. The Commission investigated 15 cases of attacks on residential buildings and found that in many instances there was no evidence of a legitimate military target, or the attacks were grossly disproportionate. B'Tselem documented 606 attacks on residential buildings killing 1,447 civilians. The percentage of women among civilian deaths (20.2%) was significantly higher than in previous operations. Several specific incidents stood out for their brutality. On July 19-20, Israeli forces launched a massive assault on Shuja'iya, one of Gaza's most densely populated neighborhoods. Over 100 Palestinians were killed in approximately 24 hours as Israeli artillery fired thousands of shells into residential areas. Witnesses described civilians being shot while attempting to flee with white flags. On August 1, after an Israeli soldier was reportedly captured in Rafah, Israel invoked the Hannibal Directive—calling for overwhelming force without regard for civilian life. In three hours, Israeli forces fired over 1,000 artillery shells into Rafah, killing 130-150 Palestinians, overwhelmingly civilians. The UN described this as a 'moral outrage and a criminal act.' The systematic destruction of Gaza's infrastructure was also staggering: Gaza's only power plant destroyed, 18,000 homes razed, 89,000 damaged, 73 medical facilities attacked, 262 schools damaged. The UN Commission concluded there was evidence indicating serious violations of international humanitarian law amounting to war crimes by Israeli forces, including deliberate attacks on civilians and civilian infrastructure. The Commission also found Palestinian armed groups committed war crimes through indiscriminate rocket attacks and the extrajudicial execution of 21 alleged collaborators. On the Israeli side, 73 people died: 67 soldiers and 6 civilians killed by rockets and mortars.",36,https://www.un.org/unispal/document/auto-insert-185919/;https://www.un.org/unispal/document/auto-insert-185919/;https://www.btselem.org/gaza_strip/gaza_201407_operation;https://www.un.org/unispal/document/auto-insert-185919/;https://www.ochaopt.org/content/key-figures-2014-hostilities;https://imeu.org/article/50-days-of-death-destruction-israels-operation-protective-edge;https://www.amnesty.org/;https://www.ochaopt.org/content/key-figures-2014-hostilities;https://www.ochaopt.org/content/key-figures-2014-hostilities;https://www.ochaopt.org/content/key-figures-2014-hostilities;https://www.ohchr.org/en/hr-bodies/hrc/co-i-gaza-conflict/report-co-i-gaza;https://www.un.org/unispal/document/auto-insert-185919/;https://www.un.org/unispal/;https://www.unrwa.org/;https://www.amnesty.org/;https://www.hrw.org/;https://www.breakingthesilence.org.il/;https://www.un.org/unispal/;https://www.un.org/unispal/;https://www.un.org/unispal/document/auto-insert-185919/;https://www.un.org/unispal/document/auto-insert-185919/;https://www.hrw.org/;https://www.un.org/unispal/wp-content/uploads/2015/06/cb361dbaf1526e5785257e6c004b1e94_20150622%20--%20OHCHR%20Report%20on%20Palestine%20%5BA_HRC_CRP_4%5D.pdf;https://merip.org/2015/10/operation-protective-edge/;https://www.btselem.org/gaza_strip/gaza_201407_operation;https://www.ohchr.org/en/hr-bodies/hrc/co-i-gaza-conflict/report-co-i-gaza;https://www.amnesty.org/;https://www.un.org/unispal/;https://www.un.org/unispal/document/auto-insert-185919/;https://www.ochaopt.org/content/key-figures-2014-hostilities;https://www.un.org/unispal/document/auto-insert-185919/;https://www.un.org/unispal/document/auto-insert-185919/;https://www.un.org/unispal/document/auto-insert-185919/;https://www.amnesty.org/;https://www.hrw.org/
hist015,Great March of Return,historical,2018-03-30,43826,Mass Killings / Protest Suppression,Mass Killings / Protest Suppression,"Gaza Strip - Separation fence with Israel, Hamas-governed Gaza Strip under Israeli blockade since 2007","Gaza Strip, Under Israeli blockade; governed by Hamas, Blockade ongoing; protests ended December 2019",31.35,34.45,223 Palestinians (189 during 2018; 34 during 2019); Zero Israelis killed,223,"28,939 Palestinians total; 6,106 by live ammunition; Zero Israeli injuries reported",28939,No displacement but severe long-term disabilities created,,Israel Defense Forces;Israeli Border Police;Israeli military snipers;Israeli security forces,verified,"The Great March of Return began on March 30, 2018—Palestinian Land Day and the 42nd anniversary of mass protests against Israeli land confiscation. Organized by independent activists, the protests were conceived as peaceful demonstrations to draw international attention to Gaza's humanitarian crisis, the blockade, and the right of return for Palestinian refugees. Five designated protest sites were established along Gaza's eastern border, several hundred meters from the separation fence. The protests were intended to last from Land Day (March 30) through Nakba Day (May 15), but continued for 21 months until Hamas announced their end on December 27, 2019. Israel's response was immediate and lethal. Israeli Defense Forces deployed snipers along the fence with rules of engagement permitting use of live ammunition against protesters. On the opening day, March 30, 2018, Israeli forces killed 18 Palestinians and shot over 700 with live ammunition. The bloodiest day came on May 14, 2018—the day the US Embassy officially opened in Jerusalem—when Israeli forces killed 60 Palestinians and shot over 1,100. By December 31, 2018, Israeli snipers had shot 6,106 Palestinians with live ammunition, killing 183 during official protest days. Thirty-five were children, three were clearly marked paramedics, and two were clearly marked journalists. Another 3,098 Palestinians were injured by bullet fragmentation, rubber-coated metal bullets, or tear gas canisters. The UN Commission of Inquiry investigated every killing at the designated demonstration sites on official protest days between March 30 and December 31, 2018. Commissioners reviewed video evidence, medical records, ballistics reports, and conducted extensive interviews. Their finding was damning: with the exception of two incidents, the Commission found reasonable grounds to believe the use of live ammunition was unlawful. The victims 'were neither participating directly in hostilities nor posing an imminent threat' when shot. Commissioner Sara Hossain stated: 'There can be no justification for killing and injuring journalists, medics, and persons who were clearly not posing an imminent threat of death or serious injury.' The Commission concluded the pattern of violations may constitute war crimes or crimes against humanity. Notable victims included 21-year-old paramedic Razan al-Najjar, shot and killed while treating wounded protesters despite wearing a clearly marked white medical vest, and journalist Yaser Murtaja, shot dead while wearing press insignia. By the time protests ended in December 2019, 223 Palestinians had been killed and 28,939 injured. At least 122 Palestinians required limb amputations including 20 children. Israel has conducted no meaningful investigations, with all but a handful of cases closed without indictment.",42,https://www.un.org/unispal/document/commission-of-inquiry-on-2018-protests-in-opt-final-report-a-hrc-40-74-advance-unedited/; https://www.btselem.org/gaza_strip/20190330_gaza_march_of_return;https://www.un.org/unispal/document/commission-of-inquiry-on-2018-protests-in-opt-final-report-a-hrc-40-74-advance-unedited/; https://www.dci-palestine.org/;https://www.un.org/unispal/document/commission-of-inquiry-on-2018-protests-in-opt-final-report-a-hrc-40-74-advance-unedited/; https://www.phr.org.il/en/;https://cpj.org/; https://www.un.org/unispal/document/commission-of-inquiry-on-2018-protests-in-opt-final-report-a-hrc-40-74-advance-unedited/;https://www.ochaopt.org/; https://www.moh.gov.ps/;https://www.un.org/unispal/document/commission-of-inquiry-on-2018-protests-in-opt-final-report-a-hrc-40-74-advance-unedited/;https://www.who.int/; https://www.map.org.uk/;https://www.un.org/unispal/document/commission-of-inquiry-on-2018-protests-in-opt-final-report-a-hrc-40-74-advance-unedited/;https://www.phr.org.il/en/;https://cpj.org/;https://www.un.org/unispal/document/commission-of-inquiry-on-2018-protests-in-opt-final-report-a-hrc-40-74-advance-unedited/;https://www.ohchr.org/en/press-releases/2019/02/israeli-snipers-shot-children-and-journalists-gaza-protests-un-inquiry-finds;https://www.un.org/unispal/document/commission-of-inquiry-on-2018-protests-in-opt-final-report-a-hrc-40-74-advance-unedited/;https://www.phr.org.il/en/;https://www.hrw.org/;https://cpj.org/;https://www.theelders.org/;https://www.ohchr.org/;https://www.who.int/;https://www.phr.org.il/en/;https://www.breakingthesilence.org.il/;https://www.un.org/unispal/document/commission-of-inquiry-on-2018-protests-in-opt-final-report-a-hrc-40-74-advance-unedited/;https://www.un.org/unispal/document/commission-of-inquiry-on-2018-protests-in-opt-final-report-a-hrc-40-74-advance-unedited/; https://www.btselem.org/gaza_strip/20190330_gaza_march_of_return;https://cpj.org/; https://www.un.org/unispal/document/commission-of-inquiry-on-2018-protests-in-opt-final-report-a-hrc-40-74-advance-unedited/;https://www.ohchr.org/en/hr-bodies/hrc/co-i-gaza-protests/index;https://www.un.org/unispal/document/commission-of-inquiry-on-2018-protests-in-opt-final-report-a-hrc-40-74-advance-unedited/; https://www.aljazeera.com/;https://www.un.org/unispal/document/commission-of-inquiry-on-2018-protests-in-opt-final-report-a-hrc-40-74-advance-unedited/; https://www.phr.org.il/en/;https://www.un.org/unispal/document/commission-of-inquiry-on-2018-protests-in-opt-final-report-a-hrc-40-74-advance-unedited/;https://www.who.int/;https://www.btselem.org/gaza_strip/20190330_gaza_march_of_return;https://www.un.org/unispal/document/commission-of-inquiry-on-2018-protests-in-opt-final-report-a-hrc-40-74-advance-unedited/;https://www.ohchr.org/en/hr-bodies/hrc/co-i-gaza-protests/index;https://www.btselem.org/gaza_strip/20190330_gaza_march_of_return;https://www.adalah.org/;https://www.un.org/unispal/document/commission-of-inquiry-on-2018-protests-in-opt-final-report-a-hrc-40-74-advance-unedited/;https://www.un.org/unispal/document/commission-of-inquiry-on-2018-protests-in-opt-final-report-a-hrc-40-74-advance-unedited/;https://cpj.org/;https://www.un.org/unispal/document/commission-of-inquiry-on-2018-protests-in-opt-final-report-a-hrc-40-74-advance-unedited/;https://www.who.int/;https://www.un.org/unispal/document/commission-of-inquiry-on-2018-protests-in-opt-final-report-a-hrc-40-74-advance-unedited/;https://www.un.org/unispal/document/commission-of-inquiry-on-2018-protests-in-opt-final-report-a-hrc-40-74-advance-unedited/;https://www.un.org/unispal/document/commission-of-inquiry-on-2018-protests-in-opt-final-report-a-hrc-40-74-advance-unedited/
hist016,Operation Guardian of the Walls,historical,2021-05-10,44337,Military Operation,Military Operation,"Gaza Strip, Israel, East Jerusalem, West Bank, Hamas-governed Gaza under Israeli blockade; East Jerusalem and West Bank under occupation","Gaza Strip, Under Israeli blockade; governed by Hamas, Blockade ongoing; reconstruction incomplete",31.5,34.47,"260 Palestinians (129 civilians, 66 children, 40 women); 13 Israelis (12 civilians, 1 soldier)",260,"1,948 Palestinians; Several hundred Israelis",1948,Tens of thousands temporarily displaced in Gaza,,Israel Defense Forces;Israeli Air Force;Hamas military wing (Izz ad-Din al-Qassam Brigades);Palestinian Islamic Jihad,verified,"The escalation that became Operation Guardian of the Walls was rooted in events in Jerusalem. During Ramadan 2021, Israeli police erected barriers preventing Palestinians from gathering at Damascus Gate—a traditional gathering place—and violently suppressed protests. Simultaneously, Israeli courts moved forward with eviction proceedings against Palestinian families in the Sheikh Jarrah neighborhood of East Jerusalem to make way for Jewish settlers. On May 7, hundreds of Palestinians were injured when Israeli police stormed Al-Aqsa Mosque compound during prayers, firing rubber bullets, stun grenades, and tear gas inside the mosque itself. International condemnation was swift, but on May 10—Lailat al-Qadr, the holiest night of Ramadan—Israeli police again raided Al-Aqsa, injuring over 300 Palestinians. Hamas issued an ultimatum demanding Israeli forces withdraw from Al-Aqsa and Sheikh Jarrah by 6 PM. When Israel refused, Hamas and Palestinian Islamic Jihad fired rockets toward Jerusalem at 6:05 PM, marking the beginning of the conflict. Israel's response was immediate and overwhelming. Within hours, Israeli jets struck over 130 targets across Gaza. Over the next 11 days, the IDF conducted more than 1,500 airstrikes while Palestinian armed groups fired 4,360 rockets and mortars into Israel—the Iron Dome intercepted approximately 90% of projectiles headed toward populated areas. The first day saw the al-Masri family strike in Beit Hanoun where a missile killed 8 civilians including 6 children who were packing barley for animal feed. Israel claimed it was a misfired Palestinian rocket, but Human Rights Watch's investigation found evidence of a guided missile and no military target. The deadliest single incident came on May 16 when Israeli forces launched a four-minute assault on al-Wahda Street in central Gaza City, causing three multi-story residential buildings to collapse. Forty-four civilians were killed including 18 children. HRW found the buildings collapsed after missiles struck the road or sidewalk adjacent to them—there were no evident military targets. The operation took place against the backdrop of Israel's 14-year blockade of Gaza and its systematic discrimination against Palestinians, which Human Rights Watch had characterized as apartheid just one month earlier in April 2021. The 11-day conflict killed 260 Palestinians (129 civilians according to UN/HRW, though Israel claimed most were militants). Thirteen Israelis died including 12 civilians killed by rockets. Human Rights Watch conducted in-depth investigations of three Israeli strikes that killed 62 Palestinian civilians total, finding 'no evident military targets in the vicinity' of any—constituting apparent war crimes. A third incident HRW investigated was the May 15 bombing of a building in Shati refugee camp that killed 10 people (8 children, 2 women); Israel claimed senior Hamas officials were hiding there, but HRW found no evidence of military targets. The report also documented that Palestinian armed groups committed war crimes through indiscriminate rocket fire at Israeli population centers. The operation ended with an Egyptian-mediated ceasefire on May 21, but neither side achieved strategic objectives, and Gaza's humanitarian crisis deepened significantly.",36,https://www.hrw.org/news/2021/07/27/gaza-apparent-war-crimes-during-may-fighting; https://www.ochaopt.org/;https://www.ochaopt.org/;https://www.hrw.org/news/2021/07/27/gaza-apparent-war-crimes-during-may-fighting;https://www.hrw.org/news/2021/07/27/gaza-apparent-war-crimes-during-may-fighting;https://www.hrw.org/news/2021/07/27/gaza-apparent-war-crimes-during-may-fighting;https://www.terrorism-info.org.il/en/escalation-from-the-gaza-strip-operation-guardian-of-the-walls-summary/;https://www.idf.il/en/mini-sites/wars-and-operations/operation-guardian-of-the-walls/operation-guardian-of-the-walls-1/;https://www.terrorism-info.org.il/en/escalation-from-the-gaza-strip-operation-guardian-of-the-walls-summary/;https://www.idf.il/en/mini-sites/wars-and-operations/operation-guardian-of-the-walls/operation-guardian-of-the-walls-1/;https://www.terrorism-info.org.il/en/escalation-from-the-gaza-strip-operation-guardian-of-the-walls-summary/;https://www.idf.il/en/mini-sites/wars-and-operations/operation-guardian-of-the-walls/operation-guardian-of-the-walls-1/;https://www.hrw.org/news/2021/07/27/gaza-apparent-war-crimes-during-may-fighting;https://www.hrw.org/news/2021/07/27/gaza-apparent-war-crimes-during-may-fighting;https://www.hrw.org/news/2021/07/27/gaza-apparent-war-crimes-during-may-fighting;https://www.un.org/sg/en/content/sg/statement/2021-05-12/secretary-generals-remarks-the-general-assembly-the-situation-the-middle-east-delivered;https://www.amnesty.org/;https://www.hrw.org/news/2021/07/27/gaza-apparent-war-crimes-during-may-fighting;https://www.hrw.org/report/2021/04/27/threshold-crossed/israeli-authorities-and-crimes-apartheid-and-persecution;https://www.breakingthesilence.org.il/;https://www.hrw.org/news/2021/07/27/gaza-apparent-war-crimes-during-may-fighting;https://www.aljazeera.com/;https://www.ochaopt.org/;https://www.idf.il/en/mini-sites/wars-and-operations/operation-guardian-of-the-walls/operation-guardian-of-the-walls-1/;https://www.terrorism-info.org.il/en/escalation-from-the-gaza-strip-operation-guardian-of-the-walls-summary/;https://www.aljazeera.com/;https://www.hrw.org/news/2021/07/27/gaza-apparent-war-crimes-during-may-fighting; https://www.democracynow.org/2021/7/30/investigation_israel_war_crimes_palestine;https://www.aljazeera.com/;https://www.un.org/unispal/;https://www.terrorism-info.org.il/en/escalation-from-the-gaza-strip-operation-guardian-of-the-walls-summary/;https://www.hrw.org/news/2021/07/27/gaza-apparent-war-crimes-during-may-fighting;https://www.hrw.org/news/2021/07/27/gaza-apparent-war-crimes-during-may-fighting;https://www.hrw.org/news/2021/07/27/gaza-apparent-war-crimes-during-may-fighting;https://www.hrw.org/news/2021/07/27/gaza-apparent-war-crimes-during-may-fighting;https://www.hrw.org/news/2021/07/27/gaza-apparent-war-crimes-during-may-fighting;https://www.hrw.org/news/2022/10/11/submission-universal-periodic-review-israel;https://www.hrw.org/news/2021/07/27/gaza-apparent-war-crimes-during-may-fighting
hist017,West Bank Raids 2022–2023,historical,2022-01-01,45291,Military Raids / Systematic Killings,Unlawful killings; disproportionate force,"West Bank including East Jerusalem, Palestinian territories under Israeli military occupation since 1967","West Bank, Under Israeli military occupation; Areas A, B, C division under Oslo Accords; Ongoing occupation; violence escalated significantly",,,500+ Palestinians (2022-2023 combined) including 78+ children; 19 Israelis killed by Palestinians (early 2022),500,"9,000+ Palestinians injured in 2022 alone (UN data); thousands more in 2023",9000,Multiple communities displaced by settler violence; 500 families displaced in Jenin July 2023,,Israel Defense Forces;Israeli Border Police;Israeli settlers (complicit in attacks);Shin Bet (Israeli internal security);Special forces units including Duvdevan,verified,"The escalation began in spring 2022 following a series of attacks by Palestinians inside Israel that killed 19 Israelis between March 22 and May 7. Israel responded by launching 'Operation Break the Wave'—near-nightly military raids into West Bank cities and refugee camps, particularly Jenin and Nablus. These cities had become centers of renewed armed Palestinian resistance with the emergence of groups like the Jenin Brigades (founded September 2021), the Lions' Den in Nablus, and the Balata Brigades. The Israeli operations involved massive deployments of troops, bulldozers destroying infrastructure and roads, use of live ammunition in densely populated areas, and increasingly, aerial bombardment including drone strikes. By the end of 2022, 220 Palestinians had been killed including 48 children—the highest annual toll since the Second Intifada ended in 2005. The violence was not limited to armed confrontations. According to Middle East Eye's analysis, the majority of Palestinian casualties in 2022 were likely unarmed at the time of their death. At least 95 Palestinians were shot by Israeli soldiers as bystanders during army raids or while participating in anti-occupation demonstrations. Seven women and girls were killed, including 15-year-old Jana Zakarneh shot twice in the face while playing with her cat on her rooftop, and 15-year-old Fulla al-Masalma killed a day before her birthday. The most internationally significant killing was that of Shireen Abu Akleh, Al Jazeera's veteran Palestinian correspondent, shot in the head on May 11, 2022 while covering a raid in Jenin. Despite wearing a clearly marked PRESS vest and standing with other journalists, Abu Akleh was killed by Israeli fire. The UN Commission of Inquiry investigated and concluded 'on reasonable grounds that Israeli forces used lethal force without justification under international human rights law and, intentionally or recklessly, violated Abu Akleh's right to life.' The violence intensified further in 2023. In January, a raid on Jenin killed 10 Palestinians including a 61-year-old woman shot through the neck while watching from her bedroom window. In February, 11 Palestinians were killed in Nablus including civilians shot in the back while fleeing. In July, Israel conducted its largest West Bank operation in 20 years—a 14-hour assault on Jenin refugee camp using drones, helicopter gunships, and hundreds of troops, killing 12 and forcing 500 families to flee. By December 2023, Doctors Without Borders declared it 'the deadliest year for Palestinians in the West Bank in recorded history' with 507 killed including 127 children. The UN Commission found Israeli forces systematically violated international law by applying combat rules to law enforcement situations, using disproportionate force, failing to distinguish between civilians and combatants, obstructing medical care, and conducting what amounted to extrajudicial executions. Meanwhile, settler violence also surged—the UN recorded over 800 settler attacks on Palestinians between October 2022 and May 2024, often occurring with Israeli military acquiescence or participation.",28,https://www.middleeasteye.net/news/palestine-west-bank-deadliest-year-second-intifada;https://www.doctorswithoutborders.org/;https://www.middleeasteye.net/news/palestine-west-bank-deadliest-year-second-intifada;https://www.middleeasteye.net/news/palestine-west-bank-deadliest-year-second-intifada;https://www.ohchr.org/en/press-releases/2023/10/civilians-are-primary-victims-increased-violence-israel-and-occupied;https://www.aljazeera.com/news/2023/1/26/why-israeli-raids-killed-many-palestinians-this-year-explainer;https://en.wikipedia.org/wiki/January_2023_Jenin_incursion;https://www.aljazeera.com/news/2023/2/22/israeli-forces-kill-palestinians-in-nablus-raid;https://en.wikipedia.org/wiki/July_2023_Jenin_incursion;https://www.middleeasteye.net/news/palestine-west-bank-deadliest-year-second-intifada;https://en.wikipedia.org/wiki/Israeli_incursions_in_the_West_Bank_during_the_Gaza_war;https://www.ohchr.org/en/press-releases/2023/10/civilians-are-primary-victims-increased-violence-israel-and-occupied;https://www.middleeasteye.net/news/palestine-west-bank-deadliest-year-second-intifada;https://www.aljazeera.com/;https://www.un.org/;https://www.doctorswithoutborders.org/;https://en.wikipedia.org/wiki/January_2023_Jenin_incursion;https://www.btselem.org/;https://en.wikipedia.org/wiki/Israeli_incursions_in_the_West_Bank_during_the_Gaza_war;https://www.aljazeera.com/news/2023/2/22/israeli-forces-kill-palestinians-in-nablus-raid;https://www.ohchr.org/en/press-releases/2023/10/civilians-are-primary-victims-increased-violence-israel-and-occupied;https://www.middleeasteye.net/news/palestine-west-bank-deadliest-year-second-intifada;https://www.ohchr.org/en/press-releases/2023/10/civilians-are-primary-victims-increased-violence-israel-and-occupied;https://www.middleeasteye.net/news/palestine-west-bank-deadliest-year-second-intifada;https://en.wikipedia.org/wiki/January_2023_Jenin_incursion;https://en.wikipedia.org/wiki/Israeli_incursions_in_the_West_Bank_during_the_Gaza_war;https://www.ohchr.org/en/press-releases/2023/10/civilians-are-primary-victims-increased-violence-israel-and-occupied;https://en.wikipedia.org/wiki/July_2023_Jenin_incursion
curr_004,UNRWA School Strikes,current,2023-10-15,2023-10-15,Protected Site Attack,,"Multiple UNRWA Schools, Gaza Strip","Multiple UNRWA Schools, Gaza Strip",31.5204,34.4668,450,450,1200,1200,0,,IDF,verified,Series of attacks on UNRWA schools serving as shelters for displaced Palestinians. Multiple schools hit despite UN coordination with Israeli forces.,3,
curr_001,Al-Ahli Baptist Hospital Strike,current,2023-10-17,2023-10-17,Hospital Attack,,"Al-Ahli Arab Hospital, Gaza City","Al-Ahli Arab Hospital, Gaza City",31.5123,34.4545,471,471,342,342,0,,Israeli Airstrikes (disputed),verified,Explosion at Al-Ahli Baptist Hospital compound where thousands of displaced Palestinians were sheltering. Massive casualties in hospital courtyard.,4,
curr_009,Gaza City Systematic Destruction,current,2023-10-27,2023-10-27,Urban Destruction,,Gaza City,Gaza City,31.5204,34.4668,5000,5000,12000,12000,800000,800000,IDF,verified,Systematic destruction of entire neighborhoods in Gaza City. Thousands of buildings reduced to rubble. Mass displacement of population.,4,
curr_002,Jabalia Refugee Camp Bombardment (First Strike),current,2023-10-31,2023-10-31,Refugee Camp Attack,,"Jabalia Refugee Camp, North Gaza","Jabalia Refugee Camp, North Gaza",31.5333,34.4833,195,195,777,777,0,,IDF,verified,Massive airstrike on densely populated Jabalia refugee camp. Entire residential blocks destroyed. Israel admitted targeting Hamas commander.,4,
curr_006,Al-Shifa Hospital Siege,current,2023-11-11,2023-11-11,Hospital Siege,,"Al-Shifa Hospital, Gaza City","Al-Shifa Hospital, Gaza City",31.5019,34.4561,200,200,500,500,0,,IDF,verified,"Israeli forces besieged Gaza's largest hospital, cutting off power and water. Patients died due to lack of medical care. Hospital raided despite being protected under international law.",4,
curr_003,Flour Massacre - Al-Rashid Street,current,2024-02-29,2024-02-29,Massacre,,"Al-Rashid Street, Gaza City","Al-Rashid Street, Gaza City",31.5147,34.4501,118,118,760,760,0,,IDF,verified,Israeli forces opened fire on Palestinians waiting for food aid distribution. Hundreds of civilians killed and injured while trying to obtain flour.,4,
curr_008,World Central Kitchen Workers Killing,current,2024-04-01,2024-04-01,Aid Workers Killing,,"Deir al-Balah, Central Gaza","Deir al-Balah, Central Gaza",31.4181,34.3517,7,7,0,,0,,IDF,verified,Israeli forces targeted and killed seven World Central Kitchen aid workers in three consecutive strikes on clearly marked vehicles. International outcry followed.,4,
curr_005,Mass Graves Discovery at Nasser Hospital,current,2024-04-22,2024-04-22,Mass Graves,,"Nasser Medical Complex, Khan Yunis","Nasser Medical Complex, Khan Yunis",31.3459,34.3062,392,392,0,,0,,IDF (alleged),verified,"Mass graves discovered at Nasser Hospital after Israeli withdrawal. Bodies found with hands tied, evidence of executions. Some bodies taken from hospital by Israeli forces.",4,
curr_007,Rafah Tent Camp Massacre,current,2024-05-26,2024-05-26,Massacre,,"Displacement Camp, Rafah","Displacement Camp, Rafah",31.289,34.2505,45,45,200,200,0,,IDF,verified,Israeli airstrike on tent camp sheltering displaced Palestinians in Rafah. Many victims burned alive in their tents. Israel claimed targeting Hamas operatives.,4,
curr_010,Starvation Genocide - Northern Gaza Blockade,current,2024-10-01,2024-10-01,Starvation Warfare,,Northern Gaza Strip,Northern Gaza Strip,31.55,34.4833,169,169,0,,0,,IDF;Israeli Government,verified,"Complete blockade of northern Gaza including Jabalia, Beit Hanoun, and Beit Lahiya. No food, water, or medical supplies allowed. Use of starvation as method of warfare.",4,
